Product Name,Brand Name,Price,Product Rating,Product Reviews,Availability,Product Link
"Amazon Basics Hydrating Facial Cleanser, 12 Fl Oz, Pack of 1",Amazon,$0.67 per Fl Oz,4.1 out of 5 stars,69 ratings,In Stock,https://www.amazon.com/sspa/click?ie=UTF8&spc=MToyNTkyOTIwNzgzNTkxODM3OjE3MTYyMTg3ODg6c3BfYXRmOjMwMDEyNjQwMzgwMzkwMjo6MDo6&url=%2FAmazon-Basics-Hydrating-Facial-Cleanser%2Fdp%2FB0CCTN6HDW%2Fref%3Dsr_1_1_ffob_sspa%3Fcrid%3D2T97WZC360LCQ%26dib%3DeyJ2IjoiMSJ9.jLqi6Cadw7d7N1tfkIMFaH47o78VZZ9XGdIx9DnbecH3T9TJ4DdMix7Byiz8mL8MjAmCWn2YjinNp7gd1dZUoYJ2X7SyIL27Y84C1C7egajjaDzkX9iFA2F1Nb0OOG_fatJkzOar9SKbpmvdoAFPsUPtksxWXA18Dt3EMbW4x3LeSkmRx-G8FiDclSil4obHFchelzWjOiio4NzrIcHvcjZPVxtHz9uUJ4NKeRIChF59QaTxn3CfWZw1qKy9s6iNNFc8N_6V12pvvQ8ZttR_r8eQpMupiarUhsHOugkxVr8.X7jWcReJIKD35CxEMAfoee1IjQkjfwXxrVA4Ldv_ZEA%26dib_tag%3Dse%26keywords%3Dfacial%2Bwash%26qid%3D1716218788%26sprefix%3Dfacial%2Bw%252Caps%252C524%26sr%3D8-1-spons%26sp_csd%3Dd2lkZ2V0TmFtZT1zcF9hdGY%26psc%3D1
"Vitamin C Cleanser Face Wash | HUGE 8 oz Anti Aging Facial for Dark Circles, Age Spots and Fine Lines | Natural Gel with Aloe Vera, Vitamin E & Rosehip",Eve,$2.99 per Fl Oz,4.2 out of 5 stars,"2,991 ratings",In Stock,https://www.amazon.com/sspa/click?ie=UTF8&spc=MToyNTkyOTIwNzgzNTkxODM3OjE3MTYyMTg3ODg6c3BfYXRmOjMwMDA3MjYyODUxODEwMjo6MDo6&url=%2FVitamin-Cleanser-Circles-Natural-Rosehip%2Fdp%2FB01HDS197Y%2Fref%3Dsr_1_2_sspa%3Fcrid%3D2T97WZC360LCQ%26dib%3DeyJ2IjoiMSJ9.jLqi6Cadw7d7N1tfkIMFaH47o78VZZ9XGdIx9DnbecH3T9TJ4DdMix7Byiz8mL8MjAmCWn2YjinNp7gd1dZUoYJ2X7SyIL27Y84C1C7egajjaDzkX9iFA2F1Nb0OOG_fatJkzOar9SKbpmvdoAFPsUPtksxWXA18Dt3EMbW4x3LeSkmRx-G8FiDclSil4obHFchelzWjOiio4NzrIcHvcjZPVxtHz9uUJ4NKeRIChF59QaTxn3CfWZw1qKy9s6iNNFc8N_6V12pvvQ8ZttR_r8eQpMupiarUhsHOugkxVr8.X7jWcReJIKD35CxEMAfoee1IjQkjfwXxrVA4Ldv_ZEA%26dib_tag%3Dse%26keywords%3Dfacial%2Bwash%26qid%3D1716218788%26sprefix%3Dfacial%2Bw%252Caps%252C524%26sr%3D8-2-spons%26sp_csd%3Dd2lkZ2V0TmFtZT1zcF9hdGY%26psc%3D1
"Brickell Men's Clarifying Gel Face Wash for Men, Natural and Organic Rich Foaming Daily Facial Cleanser Formulated With Geranium, Coconut and Aloe, 8 Ounce, Scented",Brickell,$3.13 per Ounce,4.6 out of 5 stars,"3,349 ratings",In Stock,https://www.amazon.com/sspa/click?ie=UTF8&spc=MToyNTkyOTIwNzgzNTkxODM3OjE3MTYyMTg3ODg6c3BfYXRmOjMwMDA0MTU2NjE0NTcwMjo6MDo6&url=%2FBrickell-Mens-Clarifying-Face-Wash%2Fdp%2FB00V42Q14C%2Fref%3Dsr_1_3_sspa%3Fcrid%3D2T97WZC360LCQ%26dib%3DeyJ2IjoiMSJ9.jLqi6Cadw7d7N1tfkIMFaH47o78VZZ9XGdIx9DnbecH3T9TJ4DdMix7Byiz8mL8MjAmCWn2YjinNp7gd1dZUoYJ2X7SyIL27Y84C1C7egajjaDzkX9iFA2F1Nb0OOG_fatJkzOar9SKbpmvdoAFPsUPtksxWXA18Dt3EMbW4x3LeSkmRx-G8FiDclSil4obHFchelzWjOiio4NzrIcHvcjZPVxtHz9uUJ4NKeRIChF59QaTxn3CfWZw1qKy9s6iNNFc8N_6V12pvvQ8ZttR_r8eQpMupiarUhsHOugkxVr8.X7jWcReJIKD35CxEMAfoee1IjQkjfwXxrVA4Ldv_ZEA%26dib_tag%3Dse%26keywords%3Dfacial%2Bwash%26qid%3D1716218788%26sprefix%3Dfacial%2Bw%252Caps%252C524%26sr%3D8-3-spons%26sp_csd%3Dd2lkZ2V0TmFtZT1zcF9hdGY%26psc%3D1
"Grown Alchemist Gentle Gel Facial Cleanser with Bergamot and Rosebud. Hydrating Exfoliating Face Wash with Willow Bark, a Salicylic Acid Alternative. Natural Facewash for Men and Women",Grown,$5.59 per Fl Oz,4.7 out of 5 stars,357 ratings,In Stock,https://www.amazon.com/sspa/click?ie=UTF8&spc=MToyNTkyOTIwNzgzNTkxODM3OjE3MTYyMTg3ODg6c3BfYXRmOjMwMDA2NjUxOTcxODUwMjo6MDo6&url=%2FGrown-Alchemist-Cleanser-Facial-Cleansing%2Fdp%2FB00489CKO8%2Fref%3Dsr_1_4_sspa%3Fcrid%3D2T97WZC360LCQ%26dib%3DeyJ2IjoiMSJ9.jLqi6Cadw7d7N1tfkIMFaH47o78VZZ9XGdIx9DnbecH3T9TJ4DdMix7Byiz8mL8MjAmCWn2YjinNp7gd1dZUoYJ2X7SyIL27Y84C1C7egajjaDzkX9iFA2F1Nb0OOG_fatJkzOar9SKbpmvdoAFPsUPtksxWXA18Dt3EMbW4x3LeSkmRx-G8FiDclSil4obHFchelzWjOiio4NzrIcHvcjZPVxtHz9uUJ4NKeRIChF59QaTxn3CfWZw1qKy9s6iNNFc8N_6V12pvvQ8ZttR_r8eQpMupiarUhsHOugkxVr8.X7jWcReJIKD35CxEMAfoee1IjQkjfwXxrVA4Ldv_ZEA%26dib_tag%3Dse%26keywords%3Dfacial%2Bwash%26qid%3D1716218788%26sprefix%3Dfacial%2Bw%252Caps%252C524%26sr%3D8-4-spons%26sp_csd%3Dd2lkZ2V0TmFtZT1zcF9hdGY%26psc%3D1
"LA ROCHE POSAY Tolerianenormal To Oily Skinfoampump Bottlefaceceramide-3,Niacinamidepurifyingfoaming Cleanser",La,,4.7 out of 5 stars,"31,448 ratings",In Stock,https://www.amazon.com/Roche-Posay-Toleriane-Purifying-Sensitive-Niacinamide/dp/B01N34XW93/ref=sr_1_5?crid=2T97WZC360LCQ&dib=eyJ2IjoiMSJ9.jLqi6Cadw7d7N1tfkIMFaH47o78VZZ9XGdIx9DnbecH3T9TJ4DdMix7Byiz8mL8MjAmCWn2YjinNp7gd1dZUoYJ2X7SyIL27Y84C1C7egajjaDzkX9iFA2F1Nb0OOG_fatJkzOar9SKbpmvdoAFPsUPtksxWXA18Dt3EMbW4x3LeSkmRx-G8FiDclSil4obHFchelzWjOiio4NzrIcHvcjZPVxtHz9uUJ4NKeRIChF59QaTxn3CfWZw1qKy9s6iNNFc8N_6V12pvvQ8ZttR_r8eQpMupiarUhsHOugkxVr8.X7jWcReJIKD35CxEMAfoee1IjQkjfwXxrVA4Ldv_ZEA&dib_tag=se&keywords=facial+wash&qid=1716218788&sprefix=facial+w%2Caps%2C524&sr=8-5
"Cetaphil Face Wash, Daily Facial Cleanser for Sensitive, Combination to Oily Skin, NEW 20 oz, Gentle Foaming, Soap Free, Hypoallergenic",Cetaphil,$0.70 per Fl Oz,4.7 out of 5 stars,"15,447 ratings",In Stock,https://www.amazon.com/CETAPHIL-Cleanser-Sensitive-Combination-Hypoallergenic/dp/B099MSZX25/ref=sr_1_6?crid=2T97WZC360LCQ&dib=eyJ2IjoiMSJ9.jLqi6Cadw7d7N1tfkIMFaH47o78VZZ9XGdIx9DnbecH3T9TJ4DdMix7Byiz8mL8MjAmCWn2YjinNp7gd1dZUoYJ2X7SyIL27Y84C1C7egajjaDzkX9iFA2F1Nb0OOG_fatJkzOar9SKbpmvdoAFPsUPtksxWXA18Dt3EMbW4x3LeSkmRx-G8FiDclSil4obHFchelzWjOiio4NzrIcHvcjZPVxtHz9uUJ4NKeRIChF59QaTxn3CfWZw1qKy9s6iNNFc8N_6V12pvvQ8ZttR_r8eQpMupiarUhsHOugkxVr8.X7jWcReJIKD35CxEMAfoee1IjQkjfwXxrVA4Ldv_ZEA&dib_tag=se&keywords=facial+wash&qid=1716218788&sprefix=facial+w%2Caps%2C524&sr=8-6
"CeraVe Hydrating Facial Cleanser | Moisturizing Non-Foaming Face Wash with Hyaluronic Acid, Ceramides and Glycerin | Fragrance Free Paraben Free | 16 Fluid Ounce",CeraVe,$0.97 per Fl Oz,4.7 out of 5 stars,"113,159 ratings",In Stock,https://www.amazon.com/CeraVe-Hydrating-Facial-Cleanser-Fragrance/dp/B01MSSDEPK/ref=sr_1_7?crid=2T97WZC360LCQ&dib=eyJ2IjoiMSJ9.jLqi6Cadw7d7N1tfkIMFaH47o78VZZ9XGdIx9DnbecH3T9TJ4DdMix7Byiz8mL8MjAmCWn2YjinNp7gd1dZUoYJ2X7SyIL27Y84C1C7egajjaDzkX9iFA2F1Nb0OOG_fatJkzOar9SKbpmvdoAFPsUPtksxWXA18Dt3EMbW4x3LeSkmRx-G8FiDclSil4obHFchelzWjOiio4NzrIcHvcjZPVxtHz9uUJ4NKeRIChF59QaTxn3CfWZw1qKy9s6iNNFc8N_6V12pvvQ8ZttR_r8eQpMupiarUhsHOugkxVr8.X7jWcReJIKD35CxEMAfoee1IjQkjfwXxrVA4Ldv_ZEA&dib_tag=se&keywords=facial+wash&qid=1716218788&sprefix=facial+w%2Caps%2C524&sr=8-7
"CeraVe Hydrating Facial Cleanser | Moisturizing Non-Foaming Face Wash with Hyaluronic Acid, Ceramides and Glycerin | Fragrance Free Paraben Free | 16 Fluid Ounce",CeraVe,$0.97 per Fl Oz,4.7 out of 5 stars,"113,159 ratings",In Stock,https://www.amazon.com/sspa/click?ie=UTF8&spc=MToxMDA3NDc3NTU2NjU5MjE5OjE3MTYyMTg3ODg6c3Bfc2VhcmNoX3RoZW1hdGljOjIwMDAxNDcyMDc4OTAxMTo6MDo6&url=%2FCeraVe-Hydrating-Facial-Cleanser-Fragrance%2Fdp%2FB01MSSDEPK%2Fref%3Dsxin_13_pa_sp_search_thematic_sspa%3Fcontent-id%3Damzn1.sym.a9193572-3d7a-4e06-8bf3-05a1bf817db5%253Aamzn1.sym.a9193572-3d7a-4e06-8bf3-05a1bf817db5%26crid%3D2T97WZC360LCQ%26cv_ct_cx%3Dfacial%2Bwash%26dib%3DeyJ2IjoiMSJ9.Kw9z-ACVIPwe7oF75usQBrm0K9uu-zmfGZSX-mdBN7t9v35JPOmdjdXU2jz6BTJ6v61asry8gJv1ZYNp8aJJYg.atk7y6JSZKo-o32SZeuO8rtw73CN49c4pph5L-HTUV4%26dib_tag%3Dse%26keywords%3Dfacial%2Bwash%26pd_rd_i%3DB01MSSDEPK%26pd_rd_r%3D3be314ab-2f7c-4e04-abdf-f534f8ff733a%26pd_rd_w%3DL4VZk%26pd_rd_wg%3Dcnkeo%26pf_rd_p%3Da9193572-3d7a-4e06-8bf3-05a1bf817db5%26pf_rd_r%3DG73TM8BWXX5ZZNZQMNSC%26qid%3D1716218788%26sbo%3DRZvfv%252F%252FHxDF%252BO5021pAnSA%253D%253D%26sprefix%3Dfacial%2Bw%252Caps%252C524%26sr%3D1-1-9428117c-b940-4daa-97e9-ad363ada7940-spons%26sp_csd%3Dd2lkZ2V0TmFtZT1zcF9zZWFyY2hfdGhlbWF0aWM%26psc%3D1
"Neutrogena Hydro Boost Fragrance Free Hydrating Gel Facial Cleanser with Hyaluronic Acid, Daily Foaming Face Wash & Makeup Remover, Gentle Face Wash, Non-Comedogenic, 16 fl. oz",Neutrogena,$1.08 per Fl Oz,4.7 out of 5 stars,"1,621 ratings",In Stock,https://www.amazon.com/sspa/click?ie=UTF8&spc=MToxMDA3NDc3NTU2NjU5MjE5OjE3MTYyMTg3ODg6c3Bfc2VhcmNoX3RoZW1hdGljOjIwMDEyNzM3MDcxNjc5ODo6MTo6&url=%2FNeutrogena-Fragrance-Free-Hyaluronic-Lightweight-Non-Comedogenic%2Fdp%2FB0B3Z18BQZ%2Fref%3Dsxin_13_pa_sp_search_thematic_sspa%3Fcontent-id%3Damzn1.sym.a9193572-3d7a-4e06-8bf3-05a1bf817db5%253Aamzn1.sym.a9193572-3d7a-4e06-8bf3-05a1bf817db5%26crid%3D2T97WZC360LCQ%26cv_ct_cx%3Dfacial%2Bwash%26dib%3DeyJ2IjoiMSJ9.Kw9z-ACVIPwe7oF75usQBrm0K9uu-zmfGZSX-mdBN7t9v35JPOmdjdXU2jz6BTJ6v61asry8gJv1ZYNp8aJJYg.atk7y6JSZKo-o32SZeuO8rtw73CN49c4pph5L-HTUV4%26dib_tag%3Dse%26keywords%3Dfacial%2Bwash%26pd_rd_i%3DB0B3Z18BQZ%26pd_rd_r%3D3be314ab-2f7c-4e04-abdf-f534f8ff733a%26pd_rd_w%3DL4VZk%26pd_rd_wg%3Dcnkeo%26pf_rd_p%3Da9193572-3d7a-4e06-8bf3-05a1bf817db5%26pf_rd_r%3DG73TM8BWXX5ZZNZQMNSC%26qid%3D1716218788%26sbo%3DRZvfv%252F%252FHxDF%252BO5021pAnSA%253D%253D%26sprefix%3Dfacial%2Bw%252Caps%252C524%26sr%3D1-2-9428117c-b940-4daa-97e9-ad363ada7940-spons%26sp_csd%3Dd2lkZ2V0TmFtZT1zcF9zZWFyY2hfdGhlbWF0aWM%26psc%3D1
"CeraVe Foaming Facial Cleanser | Daily Face Wash for Oily Skin with Hyaluronic Acid, Ceramides, and Niacinamide| Fragrance Free Paraben Free | 19 Fluid Ounce",CeraVe,$0.99 per Fl Oz,4.7 out of 5 stars,"87,321 ratings",In Stock,https://www.amazon.com/sspa/click?ie=UTF8&spc=MToxMDA3NDc3NTU2NjU5MjE5OjE3MTYyMTg3ODg6c3Bfc2VhcmNoX3RoZW1hdGljOjIwMDAzOTkxODA1ODkxMTo6Mjo6&url=%2FCeraVe-Foaming-Facial-Cleanser-Fragrance%2Fdp%2FB07RJ18VMF%2Fref%3Dsxin_13_pa_sp_search_thematic_sspa%3Fcontent-id%3Damzn1.sym.a9193572-3d7a-4e06-8bf3-05a1bf817db5%253Aamzn1.sym.a9193572-3d7a-4e06-8bf3-05a1bf817db5%26crid%3D2T97WZC360LCQ%26cv_ct_cx%3Dfacial%2Bwash%26dib%3DeyJ2IjoiMSJ9.Kw9z-ACVIPwe7oF75usQBrm0K9uu-zmfGZSX-mdBN7t9v35JPOmdjdXU2jz6BTJ6v61asry8gJv1ZYNp8aJJYg.atk7y6JSZKo-o32SZeuO8rtw73CN49c4pph5L-HTUV4%26dib_tag%3Dse%26keywords%3Dfacial%2Bwash%26pd_rd_i%3DB07RJ18VMF%26pd_rd_r%3D3be314ab-2f7c-4e04-abdf-f534f8ff733a%26pd_rd_w%3DL4VZk%26pd_rd_wg%3Dcnkeo%26pf_rd_p%3Da9193572-3d7a-4e06-8bf3-05a1bf817db5%26pf_rd_r%3DG73TM8BWXX5ZZNZQMNSC%26qid%3D1716218788%26sbo%3DRZvfv%252F%252FHxDF%252BO5021pAnSA%253D%253D%26sprefix%3Dfacial%2Bw%252Caps%252C524%26sr%3D1-3-9428117c-b940-4daa-97e9-ad363ada7940-spons%26sp_csd%3Dd2lkZ2V0TmFtZT1zcF9zZWFyY2hfdGhlbWF0aWM%26psc%3D1
"Neutrogena Hydro Boost Gentle Exfoliating Daily Facial Cleanser with Hyaluronic Acid, Clinically Proven to Increase Skin's Hydration Level, Non-Comedogenic Oil-, Soap- & Paraben-Free, 3 x 5 Oz",Neutrogena,$1.99 per Ounce,4.7 out of 5 stars,"1,954 ratings",In Stock,https://www.amazon.com/sspa/click?ie=UTF8&spc=MToxMDA3NDc3NTU2NjU5MjE5OjE3MTYyMTg3ODg6c3Bfc2VhcmNoX3RoZW1hdGljOjIwMDA4NTcxMDc2MzA5ODo6Mzo6&url=%2FNeutrogena-Exfoliating-Hyaluronic-Non-Comedogenic-Paraben-Free%2Fdp%2FB0B29YZH1P%2Fref%3Dsxin_13_pa_sp_search_thematic_sspa%3Fcontent-id%3Damzn1.sym.a9193572-3d7a-4e06-8bf3-05a1bf817db5%253Aamzn1.sym.a9193572-3d7a-4e06-8bf3-05a1bf817db5%26crid%3D2T97WZC360LCQ%26cv_ct_cx%3Dfacial%2Bwash%26dib%3DeyJ2IjoiMSJ9.Kw9z-ACVIPwe7oF75usQBrm0K9uu-zmfGZSX-mdBN7t9v35JPOmdjdXU2jz6BTJ6v61asry8gJv1ZYNp8aJJYg.atk7y6JSZKo-o32SZeuO8rtw73CN49c4pph5L-HTUV4%26dib_tag%3Dse%26keywords%3Dfacial%2Bwash%26pd_rd_i%3DB0B29YZH1P%26pd_rd_r%3D3be314ab-2f7c-4e04-abdf-f534f8ff733a%26pd_rd_w%3DL4VZk%26pd_rd_wg%3Dcnkeo%26pf_rd_p%3Da9193572-3d7a-4e06-8bf3-05a1bf817db5%26pf_rd_r%3DG73TM8BWXX5ZZNZQMNSC%26qid%3D1716218788%26sbo%3DRZvfv%252F%252FHxDF%252BO5021pAnSA%253D%253D%26sprefix%3Dfacial%2Bw%252Caps%252C524%26sr%3D1-4-9428117c-b940-4daa-97e9-ad363ada7940-spons%26sp_csd%3Dd2lkZ2V0TmFtZT1zcF9zZWFyY2hfdGhlbWF0aWM%26psc%3D1
"iS CLINICAL Cleansing Complex, 3in1 Gentle deep pore cleanser Face Wash and Makeup remover, Helps acne and blemish-prone skin",iS,$8.00 per Fl Oz,4.6 out of 5 stars,"2,332 ratings",In Stock,https://www.amazon.com/sspa/click?ie=UTF8&spc=MToxMDA3NDc3NTU2NjU5MjE5OjE3MTYyMTg3ODg6c3Bfc2VhcmNoX3RoZW1hdGljOjMwMDEyOTY5MzQ5NzAwMjo6NDo6&url=%2FCLINICAL-Cleansing-Complex-fl-oz%2Fdp%2FB0026TOCK2%2Fref%3Dsxin_13_pa_sp_search_thematic_sspa%3Fcontent-id%3Damzn1.sym.a9193572-3d7a-4e06-8bf3-05a1bf817db5%253Aamzn1.sym.a9193572-3d7a-4e06-8bf3-05a1bf817db5%26crid%3D2T97WZC360LCQ%26cv_ct_cx%3Dfacial%2Bwash%26dib%3DeyJ2IjoiMSJ9.Kw9z-ACVIPwe7oF75usQBrm0K9uu-zmfGZSX-mdBN7t9v35JPOmdjdXU2jz6BTJ6v61asry8gJv1ZYNp8aJJYg.atk7y6JSZKo-o32SZeuO8rtw73CN49c4pph5L-HTUV4%26dib_tag%3Dse%26keywords%3Dfacial%2Bwash%26pd_rd_i%3DB0026TOCK2%26pd_rd_r%3D3be314ab-2f7c-4e04-abdf-f534f8ff733a%26pd_rd_w%3DL4VZk%26pd_rd_wg%3Dcnkeo%26pf_rd_p%3Da9193572-3d7a-4e06-8bf3-05a1bf817db5%26pf_rd_r%3DG73TM8BWXX5ZZNZQMNSC%26qid%3D1716218788%26sbo%3DRZvfv%252F%252FHxDF%252BO5021pAnSA%253D%253D%26sprefix%3Dfacial%2Bw%252Caps%252C524%26sr%3D1-5-9428117c-b940-4daa-97e9-ad363ada7940-spons%26sp_csd%3Dd2lkZ2V0TmFtZT1zcF9zZWFyY2hfdGhlbWF0aWM%26psc%3D1
"Cetaphil Face Wash, Daily Facial Cleanser for Sensitive, Combination to Oily Skin, NEW 16 oz, Fragrance Free, Gentle Foaming, Soap Free, Hypoallergenic (Packaging May Vary)",Cetaphil,$0.75 per Fl Oz,4.7 out of 5 stars,"6,174 ratings",In Stock,https://www.amazon.com/CETAPHIL-Sensitive-Combination-Fragrance-Hypoallergenic/dp/B09Y4HHY1P/ref=sr_1_8?crid=2T97WZC360LCQ&dib=eyJ2IjoiMSJ9.jLqi6Cadw7d7N1tfkIMFaH47o78VZZ9XGdIx9DnbecH3T9TJ4DdMix7Byiz8mL8MjAmCWn2YjinNp7gd1dZUoYJ2X7SyIL27Y84C1C7egajjaDzkX9iFA2F1Nb0OOG_fatJkzOar9SKbpmvdoAFPsUPtksxWXA18Dt3EMbW4x3LeSkmRx-G8FiDclSil4obHFchelzWjOiio4NzrIcHvcjZPVxtHz9uUJ4NKeRIChF59QaTxn3CfWZw1qKy9s6iNNFc8N_6V12pvvQ8ZttR_r8eQpMupiarUhsHOugkxVr8.X7jWcReJIKD35CxEMAfoee1IjQkjfwXxrVA4Ldv_ZEA&dib_tag=se&keywords=facial+wash&qid=1716218788&sprefix=facial+w%2Caps%2C524&sr=8-8
"CeraVe Foaming Facial Cleanser | Daily Face Wash for Oily Skin with Hyaluronic Acid, Ceramides, and Niacinamide| Fragrance Free Paraben Free | 19 Fluid Ounce",CeraVe,$0.99 per Fl Oz,4.7 out of 5 stars,"87,321 ratings",In Stock,https://www.amazon.com/CeraVe-Foaming-Facial-Cleanser-Fragrance/dp/B07RJ18VMF/ref=sr_1_9?crid=2T97WZC360LCQ&dib=eyJ2IjoiMSJ9.jLqi6Cadw7d7N1tfkIMFaH47o78VZZ9XGdIx9DnbecH3T9TJ4DdMix7Byiz8mL8MjAmCWn2YjinNp7gd1dZUoYJ2X7SyIL27Y84C1C7egajjaDzkX9iFA2F1Nb0OOG_fatJkzOar9SKbpmvdoAFPsUPtksxWXA18Dt3EMbW4x3LeSkmRx-G8FiDclSil4obHFchelzWjOiio4NzrIcHvcjZPVxtHz9uUJ4NKeRIChF59QaTxn3CfWZw1qKy9s6iNNFc8N_6V12pvvQ8ZttR_r8eQpMupiarUhsHOugkxVr8.X7jWcReJIKD35CxEMAfoee1IjQkjfwXxrVA4Ldv_ZEA&dib_tag=se&keywords=facial+wash&qid=1716218788&sprefix=facial+w%2Caps%2C524&sr=8-9
"Clean & Clear 2-Pack Oil-Free Facial Cleansers with Citrus Scent, Morning Burst and Night Relaxing, 16 oz",Clean,$1.36 per Fl Oz,4.6 out of 5 stars,"37,716 ratings",In Stock,https://www.amazon.com/Clean-Clear-Cleanser-Cucumber-Hypoallergenic/dp/B00JFV5X3E/ref=sr_1_10?crid=2T97WZC360LCQ&dib=eyJ2IjoiMSJ9.jLqi6Cadw7d7N1tfkIMFaH47o78VZZ9XGdIx9DnbecH3T9TJ4DdMix7Byiz8mL8MjAmCWn2YjinNp7gd1dZUoYJ2X7SyIL27Y84C1C7egajjaDzkX9iFA2F1Nb0OOG_fatJkzOar9SKbpmvdoAFPsUPtksxWXA18Dt3EMbW4x3LeSkmRx-G8FiDclSil4obHFchelzWjOiio4NzrIcHvcjZPVxtHz9uUJ4NKeRIChF59QaTxn3CfWZw1qKy9s6iNNFc8N_6V12pvvQ8ZttR_r8eQpMupiarUhsHOugkxVr8.X7jWcReJIKD35CxEMAfoee1IjQkjfwXxrVA4Ldv_ZEA&dib_tag=se&keywords=facial+wash&qid=1716218788&sprefix=facial+w%2Caps%2C524&sr=8-10
"Amazon Brand - Solimo Oil-free Pink Grapefruit Facial Scrub, 2% Salicylic Acid Acne Medication, Dermatologist Tested, 4.2 fl oz (Pack of 1)",Solimo,,4.3 out of 5 stars,"4,665 ratings",Not Available,https://www.amazon.com/sspa/click?ie=UTF8&spc=MToyNTkyOTIwNzgzNTkxODM3OjE3MTYyMTg3ODg6c3BfbXRmOjIwMDAxNDQxNjU2Mzg3MTo6MDo6&url=%2FAmazon-Brand-Grapefruit-Medication-Dermatologist%2Fdp%2FB07TJDGGND%2Fref%3Dsr_1_11_ffob_sspa%3Fcrid%3D2T97WZC360LCQ%26dib%3DeyJ2IjoiMSJ9.jLqi6Cadw7d7N1tfkIMFaH47o78VZZ9XGdIx9DnbecH3T9TJ4DdMix7Byiz8mL8MjAmCWn2YjinNp7gd1dZUoYJ2X7SyIL27Y84C1C7egajjaDzkX9iFA2F1Nb0OOG_fatJkzOar9SKbpmvdoAFPsUPtksxWXA18Dt3EMbW4x3LeSkmRx-G8FiDclSil4obHFchelzWjOiio4NzrIcHvcjZPVxtHz9uUJ4NKeRIChF59QaTxn3CfWZw1qKy9s6iNNFc8N_6V12pvvQ8ZttR_r8eQpMupiarUhsHOugkxVr8.X7jWcReJIKD35CxEMAfoee1IjQkjfwXxrVA4Ldv_ZEA%26dib_tag%3Dse%26keywords%3Dfacial%2Bwash%26qid%3D1716218788%26sprefix%3Dfacial%2Bw%252Caps%252C524%26sr%3D8-11-spons%26sp_csd%3Dd2lkZ2V0TmFtZT1zcF9tdGY%26psc%3D1
"Himalaya Fresh Start Oil Clear Lemon Face Wash, Daily Facial Cleanser for Clean, Soft, Healthy-Looking, Hydrated Skin, Non-Drying for All Skin Types, 3.38 oz",Himalaya,$1.77 per Fl Oz,4.3 out of 5 stars,"1,216 ratings",In Stock,https://www.amazon.com/sspa/click?ie=UTF8&spc=MToyNTkyOTIwNzgzNTkxODM3OjE3MTYyMTg3ODg6c3BfbXRmOjIwMDExNDg2MjY1NTA5ODo6MDo6&url=%2FHimalaya-Cleanser-Healthy-Looking-Hydrated-Non-Drying%2Fdp%2FB07C5Q3LBZ%2Fref%3Dsr_1_12_sspa%3Fcrid%3D2T97WZC360LCQ%26dib%3DeyJ2IjoiMSJ9.jLqi6Cadw7d7N1tfkIMFaH47o78VZZ9XGdIx9DnbecH3T9TJ4DdMix7Byiz8mL8MjAmCWn2YjinNp7gd1dZUoYJ2X7SyIL27Y84C1C7egajjaDzkX9iFA2F1Nb0OOG_fatJkzOar9SKbpmvdoAFPsUPtksxWXA18Dt3EMbW4x3LeSkmRx-G8FiDclSil4obHFchelzWjOiio4NzrIcHvcjZPVxtHz9uUJ4NKeRIChF59QaTxn3CfWZw1qKy9s6iNNFc8N_6V12pvvQ8ZttR_r8eQpMupiarUhsHOugkxVr8.X7jWcReJIKD35CxEMAfoee1IjQkjfwXxrVA4Ldv_ZEA%26dib_tag%3Dse%26keywords%3Dfacial%2Bwash%26qid%3D1716218788%26sprefix%3Dfacial%2Bw%252Caps%252C524%26sr%3D8-12-spons%26sp_csd%3Dd2lkZ2V0TmFtZT1zcF9tdGY%26psc%3D1
"Silicone Face Scrubber - Versatile Skincare Essential for Gentle Facial Cleansing, Exfoliation and Scrub - Exfoliating Face Wash and Cleanser Brush for Your Skin - 2 Pack - Pink",Silicone,$4.50 per Count,4.7 out of 5 stars,15 ratings,In Stock,https://www.amazon.com/sspa/click?ie=UTF8&spc=MToyNTkyOTIwNzgzNTkxODM3OjE3MTYyMTg3ODg6c3BfbXRmOjMwMDE0MjU5NTE2NjMwMjo6MDo6&url=%2FSILKLE-Silicone-Face-Scrubber-Exfoliation%2Fdp%2FB0CNK2RTJJ%2Fref%3Dsr_1_13_sspa%3Fcrid%3D2T97WZC360LCQ%26dib%3DeyJ2IjoiMSJ9.jLqi6Cadw7d7N1tfkIMFaH47o78VZZ9XGdIx9DnbecH3T9TJ4DdMix7Byiz8mL8MjAmCWn2YjinNp7gd1dZUoYJ2X7SyIL27Y84C1C7egajjaDzkX9iFA2F1Nb0OOG_fatJkzOar9SKbpmvdoAFPsUPtksxWXA18Dt3EMbW4x3LeSkmRx-G8FiDclSil4obHFchelzWjOiio4NzrIcHvcjZPVxtHz9uUJ4NKeRIChF59QaTxn3CfWZw1qKy9s6iNNFc8N_6V12pvvQ8ZttR_r8eQpMupiarUhsHOugkxVr8.X7jWcReJIKD35CxEMAfoee1IjQkjfwXxrVA4Ldv_ZEA%26dib_tag%3Dse%26keywords%3Dfacial%2Bwash%26qid%3D1716218788%26sprefix%3Dfacial%2Bw%252Caps%252C524%26sr%3D8-13-spons%26sp_csd%3Dd2lkZ2V0TmFtZT1zcF9tdGY%26psc%3D1
"Turmeric Vitamin C Clay Mask, Deep Cleansing Facial Mask, Clay Face Mask Skin Care with Kaolin Clay and Aloe for Pores, Acne, Dark Spots, Hydrating 5.29 Oz (yellow)",Hicream,$2.74 per Ounce,4.5 out of 5 stars,477 ratings,In Stock,https://www.amazon.com/sspa/click?ie=UTF8&spc=MToyNTkyOTIwNzgzNTkxODM3OjE3MTYyMTg3ODg6c3BfbXRmOjMwMDE2ODA3MTQ2MjUwMjo6MDo6&url=%2FHicream-Turmeric-Vitamin-Cleansing-Hydrating%2Fdp%2FB0CPDC23NZ%2Fref%3Dsr_1_14_sspa%3Fcrid%3D2T97WZC360LCQ%26dib%3DeyJ2IjoiMSJ9.jLqi6Cadw7d7N1tfkIMFaH47o78VZZ9XGdIx9DnbecH3T9TJ4DdMix7Byiz8mL8MjAmCWn2YjinNp7gd1dZUoYJ2X7SyIL27Y84C1C7egajjaDzkX9iFA2F1Nb0OOG_fatJkzOar9SKbpmvdoAFPsUPtksxWXA18Dt3EMbW4x3LeSkmRx-G8FiDclSil4obHFchelzWjOiio4NzrIcHvcjZPVxtHz9uUJ4NKeRIChF59QaTxn3CfWZw1qKy9s6iNNFc8N_6V12pvvQ8ZttR_r8eQpMupiarUhsHOugkxVr8.X7jWcReJIKD35CxEMAfoee1IjQkjfwXxrVA4Ldv_ZEA%26dib_tag%3Dse%26keywords%3Dfacial%2Bwash%26qid%3D1716218788%26sprefix%3Dfacial%2Bw%252Caps%252C524%26sr%3D8-14-spons%26sp_csd%3Dd2lkZ2V0TmFtZT1zcF9tdGY%26psc%3D1
"CeraVe SA Cleanser | Salicylic Acid Cleanser with Hyaluronic Acid, Niacinamide & Ceramides| BHA Exfoliant for Face | Fragrance Free Non-Comedogenic | 8 Ounce",CeraVe,$1.55 per Ounce,4.7 out of 5 stars,"67,420 ratings",In Stock,https://www.amazon.com/CeraVe-Salicylic-Cleanser-Exfoliating-Fragrance/dp/B00U1YCRD8/ref=sr_1_15?crid=2T97WZC360LCQ&dib=eyJ2IjoiMSJ9.jLqi6Cadw7d7N1tfkIMFaH47o78VZZ9XGdIx9DnbecH3T9TJ4DdMix7Byiz8mL8MjAmCWn2YjinNp7gd1dZUoYJ2X7SyIL27Y84C1C7egajjaDzkX9iFA2F1Nb0OOG_fatJkzOar9SKbpmvdoAFPsUPtksxWXA18Dt3EMbW4x3LeSkmRx-G8FiDclSil4obHFchelzWjOiio4NzrIcHvcjZPVxtHz9uUJ4NKeRIChF59QaTxn3CfWZw1qKy9s6iNNFc8N_6V12pvvQ8ZttR_r8eQpMupiarUhsHOugkxVr8.X7jWcReJIKD35CxEMAfoee1IjQkjfwXxrVA4Ldv_ZEA&dib_tag=se&keywords=facial+wash&qid=1716218788&sprefix=facial+w%2Caps%2C524&sr=8-15
"Neutrogena Hydro Boost Lightweight Hydrating Facial Gel Cleanser, Gentle Face Wash & Makeup Remover with Hyaluronic Acid, Hypoallergenic & Paraben-Free, 7.8 fl. oz",Neutrogena,$1.48 per Fl Oz,4.7 out of 5 stars,"24,912 ratings",In Stock,https://www.amazon.com/Neutrogena-Lightweight-Hyaluronic-Hypoallergenic-Paraben-Free/dp/B0B3ZCG2NH/ref=sr_1_16?crid=2T97WZC360LCQ&dib=eyJ2IjoiMSJ9.jLqi6Cadw7d7N1tfkIMFaH47o78VZZ9XGdIx9DnbecH3T9TJ4DdMix7Byiz8mL8MjAmCWn2YjinNp7gd1dZUoYJ2X7SyIL27Y84C1C7egajjaDzkX9iFA2F1Nb0OOG_fatJkzOar9SKbpmvdoAFPsUPtksxWXA18Dt3EMbW4x3LeSkmRx-G8FiDclSil4obHFchelzWjOiio4NzrIcHvcjZPVxtHz9uUJ4NKeRIChF59QaTxn3CfWZw1qKy9s6iNNFc8N_6V12pvvQ8ZttR_r8eQpMupiarUhsHOugkxVr8.X7jWcReJIKD35CxEMAfoee1IjQkjfwXxrVA4Ldv_ZEA&dib_tag=se&keywords=facial+wash&qid=1716218788&sprefix=facial+w%2Caps%2C524&sr=8-16
"Neutrogena Ultra Gentle Foaming and Hydrating Face Wash for Sensitive Skin, Gently Cleanses Without Over Drying, Oil-Free, Soap-Free, 16 fl. oz",Neutrogena,$0.68 per Fl Oz,4.6 out of 5 stars,"5,148 ratings",In Stock,https://www.amazon.com/Neutrogena-Hydrating-Sensitive-Cleanses-Soap-Free/dp/B085S7FZTM/ref=sr_1_17?crid=2T97WZC360LCQ&dib=eyJ2IjoiMSJ9.jLqi6Cadw7d7N1tfkIMFaH47o78VZZ9XGdIx9DnbecH3T9TJ4DdMix7Byiz8mL8MjAmCWn2YjinNp7gd1dZUoYJ2X7SyIL27Y84C1C7egajjaDzkX9iFA2F1Nb0OOG_fatJkzOar9SKbpmvdoAFPsUPtksxWXA18Dt3EMbW4x3LeSkmRx-G8FiDclSil4obHFchelzWjOiio4NzrIcHvcjZPVxtHz9uUJ4NKeRIChF59QaTxn3CfWZw1qKy9s6iNNFc8N_6V12pvvQ8ZttR_r8eQpMupiarUhsHOugkxVr8.X7jWcReJIKD35CxEMAfoee1IjQkjfwXxrVA4Ldv_ZEA&dib_tag=se&keywords=facial+wash&qid=1716218788&sprefix=facial+w%2Caps%2C524&sr=8-17
"Neutrogena Deep Clean Daily Facial Cleanser with Beta Hydroxy Acid for Normal to Oily Skin, Alcohol-Free, Oil-Free & Non-Comedogenic, 6.7 fl. oz",Neutrogena,$1.01 per Fl Oz,4.6 out of 5 stars,"3,066 ratings",In Stock,https://www.amazon.com/Neutrogena-Cleanser-Alcohol-Free-Oil-Free-Non-Comedogenic/dp/B00UT47WZ8/ref=sr_1_18?crid=2T97WZC360LCQ&dib=eyJ2IjoiMSJ9.jLqi6Cadw7d7N1tfkIMFaH47o78VZZ9XGdIx9DnbecH3T9TJ4DdMix7Byiz8mL8MjAmCWn2YjinNp7gd1dZUoYJ2X7SyIL27Y84C1C7egajjaDzkX9iFA2F1Nb0OOG_fatJkzOar9SKbpmvdoAFPsUPtksxWXA18Dt3EMbW4x3LeSkmRx-G8FiDclSil4obHFchelzWjOiio4NzrIcHvcjZPVxtHz9uUJ4NKeRIChF59QaTxn3CfWZw1qKy9s6iNNFc8N_6V12pvvQ8ZttR_r8eQpMupiarUhsHOugkxVr8.X7jWcReJIKD35CxEMAfoee1IjQkjfwXxrVA4Ldv_ZEA&dib_tag=se&keywords=facial+wash&qid=1716218788&sprefix=facial+w%2Caps%2C524&sr=8-18
"Real Toner 100% One Ingredient Extract Water for Facial Skin Care 6.76 oz - Made in Korea | Skin Relief, Soothing, Sensitive Type (Centella Asiatica)",CELLEANSER,$1.84 per Ounce,4.5 out of 5 stars,121 ratings,Only 17 left in stock - order soon.,https://www.amazon.com/sspa/click?ie=UTF8&spc=MToyNTkyOTIwNzgzNTkxODM3OjE3MTYyMTg3ODg6c3BfbXRmOjIwMDEwMjM2NDYyMTA5ODo6MDo6&url=%2FCELLEANSER-Toner-Ingredient-Extract-Facial%2Fdp%2FB07D31PYCS%2Fref%3Dsr_1_19_sspa%3Fcrid%3D2T97WZC360LCQ%26dib%3DeyJ2IjoiMSJ9.jLqi6Cadw7d7N1tfkIMFaH47o78VZZ9XGdIx9DnbecH3T9TJ4DdMix7Byiz8mL8MjAmCWn2YjinNp7gd1dZUoYJ2X7SyIL27Y84C1C7egajjaDzkX9iFA2F1Nb0OOG_fatJkzOar9SKbpmvdoAFPsUPtksxWXA18Dt3EMbW4x3LeSkmRx-G8FiDclSil4obHFchelzWjOiio4NzrIcHvcjZPVxtHz9uUJ4NKeRIChF59QaTxn3CfWZw1qKy9s6iNNFc8N_6V12pvvQ8ZttR_r8eQpMupiarUhsHOugkxVr8.X7jWcReJIKD35CxEMAfoee1IjQkjfwXxrVA4Ldv_ZEA%26dib_tag%3Dse%26keywords%3Dfacial%2Bwash%26qid%3D1716218788%26sprefix%3Dfacial%2Bw%252Caps%252C524%26sr%3D8-19-spons%26sp_csd%3Dd2lkZ2V0TmFtZT1zcF9tdGY%26psc%3D1
Facial Cleansing Brush Face Scrubber: COSLUS 7in1 JBK-D Electric Exfoliating Spin Cleanser Device Waterproof Deep Cleaning Exfoliation Rotating Spa Machine - Electronic Skin Care Wash Spinning System,Plastic,$22.99 per Count,4.3 out of 5 stars,"10,240 ratings",In Stock,https://www.amazon.com/sspa/click?ie=UTF8&spc=MToyNTkyOTIwNzgzNTkxODM3OjE3MTYyMTg3ODg6c3BfbXRmOjMwMDE3MTUyMDUwODEwMjo6MDo6&url=%2FFacial-Cleansing-Brush-Face-Scrubber%2Fdp%2FB09KNNN535%2Fref%3Dsr_1_20_sspa%3Fcrid%3D2T97WZC360LCQ%26dib%3DeyJ2IjoiMSJ9.jLqi6Cadw7d7N1tfkIMFaH47o78VZZ9XGdIx9DnbecH3T9TJ4DdMix7Byiz8mL8MjAmCWn2YjinNp7gd1dZUoYJ2X7SyIL27Y84C1C7egajjaDzkX9iFA2F1Nb0OOG_fatJkzOar9SKbpmvdoAFPsUPtksxWXA18Dt3EMbW4x3LeSkmRx-G8FiDclSil4obHFchelzWjOiio4NzrIcHvcjZPVxtHz9uUJ4NKeRIChF59QaTxn3CfWZw1qKy9s6iNNFc8N_6V12pvvQ8ZttR_r8eQpMupiarUhsHOugkxVr8.X7jWcReJIKD35CxEMAfoee1IjQkjfwXxrVA4Ldv_ZEA%26dib_tag%3Dse%26keywords%3Dfacial%2Bwash%26qid%3D1716218788%26sprefix%3Dfacial%2Bw%252Caps%252C524%26sr%3D8-20-spons%26sp_csd%3Dd2lkZ2V0TmFtZT1zcF9tdGY%26psc%3D1
"TruSkin Vitamin C Cleanser for Face - Brightening Face Wash with Vitamins C & E, Rosehip Oil, Aloe Vera and MSM - Deep Clean and Refresh for Radiant, Healthy-Looking Skin, 5 fl oz",TruSkin,$3.30 per Fl Oz,4.3 out of 5 stars,"7,228 ratings",In Stock,https://www.amazon.com/sspa/click?ie=UTF8&spc=MToyNTkyOTIwNzgzNTkxODM3OjE3MTYyMTg3ODg6c3BfbXRmOjMwMDA2NTkzMDM4NTMwMjo6MDo6&url=%2Fvitamin-c-skin-care-facial-cleanser%2Fdp%2FB0977W5QRJ%2Fref%3Dsr_1_21_sspa%3Fcrid%3D2T97WZC360LCQ%26dib%3DeyJ2IjoiMSJ9.jLqi6Cadw7d7N1tfkIMFaH47o78VZZ9XGdIx9DnbecH3T9TJ4DdMix7Byiz8mL8MjAmCWn2YjinNp7gd1dZUoYJ2X7SyIL27Y84C1C7egajjaDzkX9iFA2F1Nb0OOG_fatJkzOar9SKbpmvdoAFPsUPtksxWXA18Dt3EMbW4x3LeSkmRx-G8FiDclSil4obHFchelzWjOiio4NzrIcHvcjZPVxtHz9uUJ4NKeRIChF59QaTxn3CfWZw1qKy9s6iNNFc8N_6V12pvvQ8ZttR_r8eQpMupiarUhsHOugkxVr8.X7jWcReJIKD35CxEMAfoee1IjQkjfwXxrVA4Ldv_ZEA%26dib_tag%3Dse%26keywords%3Dfacial%2Bwash%26qid%3D1716218788%26sprefix%3Dfacial%2Bw%252Caps%252C524%26sr%3D8-21-spons%26sp_csd%3Dd2lkZ2V0TmFtZT1zcF9tdGY%26psc%3D1
"Himalaya Gentle Exfoliating Daily Face Wash for Deep Clean Pores & Soft, Moisturized, Renewed Skin, 5.07 oz, 1-PACK",Himalaya,$1.38 per Fl Oz,4.4 out of 5 stars,168 ratings,In Stock,https://www.amazon.com/sspa/click?ie=UTF8&spc=MToyNTkyOTIwNzgzNTkxODM3OjE3MTYyMTg3ODg6c3BfbXRmOjIwMDExNDg2MjY1NDY5ODo6MDo6&url=%2FHimalaya-Gentle-Exfoliating-Daily-Fluid%2Fdp%2FB07571KK6X%2Fref%3Dsr_1_22_sspa%3Fcrid%3D2T97WZC360LCQ%26dib%3DeyJ2IjoiMSJ9.jLqi6Cadw7d7N1tfkIMFaH47o78VZZ9XGdIx9DnbecH3T9TJ4DdMix7Byiz8mL8MjAmCWn2YjinNp7gd1dZUoYJ2X7SyIL27Y84C1C7egajjaDzkX9iFA2F1Nb0OOG_fatJkzOar9SKbpmvdoAFPsUPtksxWXA18Dt3EMbW4x3LeSkmRx-G8FiDclSil4obHFchelzWjOiio4NzrIcHvcjZPVxtHz9uUJ4NKeRIChF59QaTxn3CfWZw1qKy9s6iNNFc8N_6V12pvvQ8ZttR_r8eQpMupiarUhsHOugkxVr8.X7jWcReJIKD35CxEMAfoee1IjQkjfwXxrVA4Ldv_ZEA%26dib_tag%3Dse%26keywords%3Dfacial%2Bwash%26qid%3D1716218788%26sprefix%3Dfacial%2Bw%252Caps%252C524%26sr%3D8-22-spons%26sp_csd%3Dd2lkZ2V0TmFtZT1zcF9tdGY%26psc%3D1
"Clean & Clear Oil-Free Deep Action Facial Cleanser with Pro-Vitamin B5, Gentle Exfoliating Daily Face Wash Cleans Deep down to the pore for Soft, Smooth, Hydrated Skin, Paraben-Free, 7 fl. oz",Clean,$0.85 per Fl Oz,4.5 out of 5 stars,"25,567 ratings",In Stock,https://www.amazon.com/Clean-Clear-Oil-Free-Exfoliating-Cleansing/dp/B0719GRD5R/ref=sr_1_23?crid=2T97WZC360LCQ&dib=eyJ2IjoiMSJ9.jLqi6Cadw7d7N1tfkIMFaH47o78VZZ9XGdIx9DnbecH3T9TJ4DdMix7Byiz8mL8MjAmCWn2YjinNp7gd1dZUoYJ2X7SyIL27Y84C1C7egajjaDzkX9iFA2F1Nb0OOG_fatJkzOar9SKbpmvdoAFPsUPtksxWXA18Dt3EMbW4x3LeSkmRx-G8FiDclSil4obHFchelzWjOiio4NzrIcHvcjZPVxtHz9uUJ4NKeRIChF59QaTxn3CfWZw1qKy9s6iNNFc8N_6V12pvvQ8ZttR_r8eQpMupiarUhsHOugkxVr8.X7jWcReJIKD35CxEMAfoee1IjQkjfwXxrVA4Ldv_ZEA&dib_tag=se&keywords=facial+wash&qid=1716218788&sprefix=facial+w%2Caps%2C524&sr=8-23
CeraVe Hydrating Cream-to-Foam Cleanser | Hydrating Makeup Remover and Face Wash With Hyaluronic Acid | Fragrance Free Non-Comedogenic | 19 Fluid Ounce,CeraVe,$0.97 per Fl Oz,4.8 out of 5 stars,"21,001 ratings",In Stock,https://www.amazon.com/CeraVe-Hydrating-Cleanser-Hyaluronic-Fragrance/dp/B08CQDF382/ref=sr_1_24?crid=2T97WZC360LCQ&dib=eyJ2IjoiMSJ9.jLqi6Cadw7d7N1tfkIMFaH47o78VZZ9XGdIx9DnbecH3T9TJ4DdMix7Byiz8mL8MjAmCWn2YjinNp7gd1dZUoYJ2X7SyIL27Y84C1C7egajjaDzkX9iFA2F1Nb0OOG_fatJkzOar9SKbpmvdoAFPsUPtksxWXA18Dt3EMbW4x3LeSkmRx-G8FiDclSil4obHFchelzWjOiio4NzrIcHvcjZPVxtHz9uUJ4NKeRIChF59QaTxn3CfWZw1qKy9s6iNNFc8N_6V12pvvQ8ZttR_r8eQpMupiarUhsHOugkxVr8.X7jWcReJIKD35CxEMAfoee1IjQkjfwXxrVA4Ldv_ZEA&dib_tag=se&keywords=facial+wash&qid=1716218788&sprefix=facial+w%2Caps%2C524&sr=8-24
"Cetaphil Cream to Foam Face Wash, Hydrating Foaming Cream Cleanser, 16 oz, For Normal to Dry, Sensitive Skin, with Soothing Prebiotic Aloe, Hypoallergenic, Fragrance Free (Packaging May Vary)",Cetaphil,$0.78 per Fl Oz,4.7 out of 5 stars,"4,109 ratings",In Stock,https://www.amazon.com/Cetaphil-Hydrating-Sensitive-Prebiotic-Hypoallergenic/dp/B09Y4H2KSS/ref=sr_1_25?crid=2T97WZC360LCQ&dib=eyJ2IjoiMSJ9.jLqi6Cadw7d7N1tfkIMFaH47o78VZZ9XGdIx9DnbecH3T9TJ4DdMix7Byiz8mL8MjAmCWn2YjinNp7gd1dZUoYJ2X7SyIL27Y84C1C7egajjaDzkX9iFA2F1Nb0OOG_fatJkzOar9SKbpmvdoAFPsUPtksxWXA18Dt3EMbW4x3LeSkmRx-G8FiDclSil4obHFchelzWjOiio4NzrIcHvcjZPVxtHz9uUJ4NKeRIChF59QaTxn3CfWZw1qKy9s6iNNFc8N_6V12pvvQ8ZttR_r8eQpMupiarUhsHOugkxVr8.X7jWcReJIKD35CxEMAfoee1IjQkjfwXxrVA4Ldv_ZEA&dib_tag=se&keywords=facial+wash&qid=1716218788&sprefix=facial+w%2Caps%2C524&sr=8-25
Vanicream Gentle Facial Cleanser with Pump Dispenser - 8 fl oz - Formulated Without Common Irritants for Those with Sensitive Skin,Vanicream,$1.11 per Fl Oz,4.7 out of 5 stars,"27,214 ratings",In Stock,https://www.amazon.com/Vanicream-Gentle-Cleanser-sensitive-Dispenser/dp/B00QY1XZ4W/ref=sr_1_26?crid=2T97WZC360LCQ&dib=eyJ2IjoiMSJ9.jLqi6Cadw7d7N1tfkIMFaH47o78VZZ9XGdIx9DnbecH3T9TJ4DdMix7Byiz8mL8MjAmCWn2YjinNp7gd1dZUoYJ2X7SyIL27Y84C1C7egajjaDzkX9iFA2F1Nb0OOG_fatJkzOar9SKbpmvdoAFPsUPtksxWXA18Dt3EMbW4x3LeSkmRx-G8FiDclSil4obHFchelzWjOiio4NzrIcHvcjZPVxtHz9uUJ4NKeRIChF59QaTxn3CfWZw1qKy9s6iNNFc8N_6V12pvvQ8ZttR_r8eQpMupiarUhsHOugkxVr8.X7jWcReJIKD35CxEMAfoee1IjQkjfwXxrVA4Ldv_ZEA&dib_tag=se&keywords=facial+wash&qid=1716218788&sprefix=facial+w%2Caps%2C524&sr=8-26
"EltaMD Foaming Facial Cleanser, Gentle Foaming Face Wash and Makeup Remover, Oil Free Face Wash, 7 oz Pump",EltaMD,$4.00 per Fl Oz,4.6 out of 5 stars,"7,906 ratings",In Stock,https://www.amazon.com/EltaMD-Foaming-Facial-Cleanser-7-0/dp/B004HLSZYQ/ref=sr_1_27?crid=2T97WZC360LCQ&dib=eyJ2IjoiMSJ9.jLqi6Cadw7d7N1tfkIMFaH47o78VZZ9XGdIx9DnbecH3T9TJ4DdMix7Byiz8mL8MjAmCWn2YjinNp7gd1dZUoYJ2X7SyIL27Y84C1C7egajjaDzkX9iFA2F1Nb0OOG_fatJkzOar9SKbpmvdoAFPsUPtksxWXA18Dt3EMbW4x3LeSkmRx-G8FiDclSil4obHFchelzWjOiio4NzrIcHvcjZPVxtHz9uUJ4NKeRIChF59QaTxn3CfWZw1qKy9s6iNNFc8N_6V12pvvQ8ZttR_r8eQpMupiarUhsHOugkxVr8.X7jWcReJIKD35CxEMAfoee1IjQkjfwXxrVA4Ldv_ZEA&dib_tag=se&keywords=facial+wash&qid=1716218788&sprefix=facial+w%2Caps%2C524&sr=8-27
"RoC Multi Correxion Revive + Glow Gel Facial Cleanser With Vitamin C, & Glycolic Acid, Paraben-Free, Sulfate-Free Skin Care, 6 Ounces",RoC,$0.23 per Fl Oz,4.4 out of 5 stars,"5,012 ratings",In Stock,https://www.amazon.com/RoC-Correxion-Cleanser-Vitamin-Glycolic/dp/B08GNRV8CF/ref=sr_1_28?crid=2T97WZC360LCQ&dib=eyJ2IjoiMSJ9.jLqi6Cadw7d7N1tfkIMFaH47o78VZZ9XGdIx9DnbecH3T9TJ4DdMix7Byiz8mL8MjAmCWn2YjinNp7gd1dZUoYJ2X7SyIL27Y84C1C7egajjaDzkX9iFA2F1Nb0OOG_fatJkzOar9SKbpmvdoAFPsUPtksxWXA18Dt3EMbW4x3LeSkmRx-G8FiDclSil4obHFchelzWjOiio4NzrIcHvcjZPVxtHz9uUJ4NKeRIChF59QaTxn3CfWZw1qKy9s6iNNFc8N_6V12pvvQ8ZttR_r8eQpMupiarUhsHOugkxVr8.X7jWcReJIKD35CxEMAfoee1IjQkjfwXxrVA4Ldv_ZEA&dib_tag=se&keywords=facial+wash&qid=1716218788&sprefix=facial+w%2Caps%2C524&sr=8-28
"Cetaphil Face Wash, Hydrating Gentle Skin Cleanser for Dry to Normal Sensitive Skin, NEW 20oz, Fragrance Free, Soap Free and Non-Foaming",Cetaphil,$0.70 per Fl Oz,4.7 out of 5 stars,"10,567 ratings",In Stock,https://www.amazon.com/CETAPHIL-Hydrating-Sensitive-Fragrance-Non-Foaming/dp/B099N3NM61/ref=sr_1_29?crid=2T97WZC360LCQ&dib=eyJ2IjoiMSJ9.jLqi6Cadw7d7N1tfkIMFaH47o78VZZ9XGdIx9DnbecH3T9TJ4DdMix7Byiz8mL8MjAmCWn2YjinNp7gd1dZUoYJ2X7SyIL27Y84C1C7egajjaDzkX9iFA2F1Nb0OOG_fatJkzOar9SKbpmvdoAFPsUPtksxWXA18Dt3EMbW4x3LeSkmRx-G8FiDclSil4obHFchelzWjOiio4NzrIcHvcjZPVxtHz9uUJ4NKeRIChF59QaTxn3CfWZw1qKy9s6iNNFc8N_6V12pvvQ8ZttR_r8eQpMupiarUhsHOugkxVr8.X7jWcReJIKD35CxEMAfoee1IjQkjfwXxrVA4Ldv_ZEA&dib_tag=se&keywords=facial+wash&qid=1716218788&sprefix=facial+w%2Caps%2C524&sr=8-29
[K-Beauty] Rose Vitamin Moisturizing Oil Foam | Daily Face Wash Oil Based Cleanser | Korean Oil Cleanser for Face | Hydrating Facial Cleanser for Dry Sensitive Skin (3.72 fl oz),MAXCLINIC,$6.18 per Fl Oz,4.5 out of 5 stars,209 ratings,In Stock,https://www.amazon.com/MAXCLINIC-K-Beauty-Moisturizing-Hydrating-Sensitive/dp/B07P1D8TV9/ref=sr_1_30?crid=2T97WZC360LCQ&dib=eyJ2IjoiMSJ9.jLqi6Cadw7d7N1tfkIMFaH47o78VZZ9XGdIx9DnbecH3T9TJ4DdMix7Byiz8mL8MjAmCWn2YjinNp7gd1dZUoYJ2X7SyIL27Y84C1C7egajjaDzkX9iFA2F1Nb0OOG_fatJkzOar9SKbpmvdoAFPsUPtksxWXA18Dt3EMbW4x3LeSkmRx-G8FiDclSil4obHFchelzWjOiio4NzrIcHvcjZPVxtHz9uUJ4NKeRIChF59QaTxn3CfWZw1qKy9s6iNNFc8N_6V12pvvQ8ZttR_r8eQpMupiarUhsHOugkxVr8.X7jWcReJIKD35CxEMAfoee1IjQkjfwXxrVA4Ldv_ZEA&dib_tag=se&keywords=facial+wash&qid=1716218788&sprefix=facial+w%2Caps%2C524&sr=8-30
"Amazon Basics Morning Fresh Facial Cleanser with Ginseng and Vitamin C, 8 fl oz",Amazon,$0.56 per Fl Oz,4.3 out of 5 stars,"8,250 ratings",In Stock,https://www.amazon.com/Amazon-Brand-Morning-Cleanser-Ginseng/dp/B07SVCPQ7V/ref=sr_1_31?crid=2T97WZC360LCQ&dib=eyJ2IjoiMSJ9.jLqi6Cadw7d7N1tfkIMFaH47o78VZZ9XGdIx9DnbecH3T9TJ4DdMix7Byiz8mL8MjAmCWn2YjinNp7gd1dZUoYJ2X7SyIL27Y84C1C7egajjaDzkX9iFA2F1Nb0OOG_fatJkzOar9SKbpmvdoAFPsUPtksxWXA18Dt3EMbW4x3LeSkmRx-G8FiDclSil4obHFchelzWjOiio4NzrIcHvcjZPVxtHz9uUJ4NKeRIChF59QaTxn3CfWZw1qKy9s6iNNFc8N_6V12pvvQ8ZttR_r8eQpMupiarUhsHOugkxVr8.X7jWcReJIKD35CxEMAfoee1IjQkjfwXxrVA4Ldv_ZEA&dib_tag=se&keywords=facial+wash&qid=1716218788&sprefix=facial+w%2Caps%2C524&sr=8-31
"ELEMIS Dynamic Resurfacing Facial Wash | Daily Refining Enzyme Gel Cleanser Gently Exfoliates, Purifies, Renews, and Revitalizes the Skin | 6.7 Fl Oz",ELEMIS,$8.09 per Fl Oz,4.7 out of 5 stars,"3,318 ratings",In Stock,https://www.amazon.com/ELEMIS-Dynamic-Resurfacing-Smoothing-Cleanser/dp/B00175W3HK/ref=sr_1_32?crid=2T97WZC360LCQ&dib=eyJ2IjoiMSJ9.jLqi6Cadw7d7N1tfkIMFaH47o78VZZ9XGdIx9DnbecH3T9TJ4DdMix7Byiz8mL8MjAmCWn2YjinNp7gd1dZUoYJ2X7SyIL27Y84C1C7egajjaDzkX9iFA2F1Nb0OOG_fatJkzOar9SKbpmvdoAFPsUPtksxWXA18Dt3EMbW4x3LeSkmRx-G8FiDclSil4obHFchelzWjOiio4NzrIcHvcjZPVxtHz9uUJ4NKeRIChF59QaTxn3CfWZw1qKy9s6iNNFc8N_6V12pvvQ8ZttR_r8eQpMupiarUhsHOugkxVr8.X7jWcReJIKD35CxEMAfoee1IjQkjfwXxrVA4Ldv_ZEA&dib_tag=se&keywords=facial+wash&qid=1716218788&sprefix=facial+w%2Caps%2C524&sr=8-32
"Aveeno Positively Radiant Brightening Facial Cleanser for Sensitive Skin, Targets Dull Skin, Moisture Rich Soy Extract, Non-Comedogenic, Oil- & Soap-Free, Hypoallergenic, 11 Fl. Oz",Aveeno,$1.09 per Fl Oz,4.6 out of 5 stars,"1,172 ratings",In Stock,https://www.amazon.com/Aveeno-Positively-Brightening-Non-Comedogenic-Hypoallergenic/dp/B0B2J6S5DR/ref=sr_1_33?crid=2T97WZC360LCQ&dib=eyJ2IjoiMSJ9.jLqi6Cadw7d7N1tfkIMFaH47o78VZZ9XGdIx9DnbecH3T9TJ4DdMix7Byiz8mL8MjAmCWn2YjinNp7gd1dZUoYJ2X7SyIL27Y84C1C7egajjaDzkX9iFA2F1Nb0OOG_fatJkzOar9SKbpmvdoAFPsUPtksxWXA18Dt3EMbW4x3LeSkmRx-G8FiDclSil4obHFchelzWjOiio4NzrIcHvcjZPVxtHz9uUJ4NKeRIChF59QaTxn3CfWZw1qKy9s6iNNFc8N_6V12pvvQ8ZttR_r8eQpMupiarUhsHOugkxVr8.X7jWcReJIKD35CxEMAfoee1IjQkjfwXxrVA4Ldv_ZEA&dib_tag=se&keywords=facial+wash&qid=1716218788&sprefix=facial+w%2Caps%2C524&sr=8-33
"Neutrogena Hydro Boost Fragrance Free Hydrating Gel Facial Cleanser with Hyaluronic Acid, Daily Foaming Face Wash & Makeup Remover, Gentle Face Wash, Non-Comedogenic, 7.8 fl. oz",Neutrogena,$1.48 per Fl Oz,4.6 out of 5 stars,"1,637 ratings",In Stock,https://www.amazon.com/Neutrogena-Fragrance-Free-Hyaluronic-Lightweight-Non-Comedogenic/dp/B0B3ZFBMVF/ref=sr_1_34?crid=2T97WZC360LCQ&dib=eyJ2IjoiMSJ9.jLqi6Cadw7d7N1tfkIMFaH47o78VZZ9XGdIx9DnbecH3T9TJ4DdMix7Byiz8mL8MjAmCWn2YjinNp7gd1dZUoYJ2X7SyIL27Y84C1C7egajjaDzkX9iFA2F1Nb0OOG_fatJkzOar9SKbpmvdoAFPsUPtksxWXA18Dt3EMbW4x3LeSkmRx-G8FiDclSil4obHFchelzWjOiio4NzrIcHvcjZPVxtHz9uUJ4NKeRIChF59QaTxn3CfWZw1qKy9s6iNNFc8N_6V12pvvQ8ZttR_r8eQpMupiarUhsHOugkxVr8.X7jWcReJIKD35CxEMAfoee1IjQkjfwXxrVA4Ldv_ZEA&dib_tag=se&keywords=facial+wash&qid=1716218788&sprefix=facial+w%2Caps%2C524&sr=8-34
"Bioré Rose Quartz + Charcoal Daily Purifying Cleanser, Oil Free Facial Cleanser Energizes Skin, Dermatologist Tested and Cruelty Free, 6.77 oz, Packaging May Vary",Bioré,,4.5 out of 5 stars,"11,393 ratings",Not Available,https://www.amazon.com/Bior%C3%A9-Purifying-Naturally-Dermatologist-Non-Comedogenic/dp/B07WV3S4RP/ref=sr_1_35?crid=2T97WZC360LCQ&dib=eyJ2IjoiMSJ9.jLqi6Cadw7d7N1tfkIMFaH47o78VZZ9XGdIx9DnbecH3T9TJ4DdMix7Byiz8mL8MjAmCWn2YjinNp7gd1dZUoYJ2X7SyIL27Y84C1C7egajjaDzkX9iFA2F1Nb0OOG_fatJkzOar9SKbpmvdoAFPsUPtksxWXA18Dt3EMbW4x3LeSkmRx-G8FiDclSil4obHFchelzWjOiio4NzrIcHvcjZPVxtHz9uUJ4NKeRIChF59QaTxn3CfWZw1qKy9s6iNNFc8N_6V12pvvQ8ZttR_r8eQpMupiarUhsHOugkxVr8.X7jWcReJIKD35CxEMAfoee1IjQkjfwXxrVA4Ldv_ZEA&dib_tag=se&keywords=facial+wash&qid=1716218788&sprefix=facial+w%2Caps%2C524&sr=8-35
"Neutrogena Deep Clean Daily Facial Cream Cleanser with Beta Hydroxy Acid to Remove Dirt, Oil & Makeup, Alcohol-Free, Oil-Free & Non-Comedogenic, 7 fl. oz",Neutrogena,$1.06 per Fl Oz,4.6 out of 5 stars,"3,411 ratings",In Stock,https://www.amazon.com/Neutrogena-Deep-Clean-Cream-Cleanser/dp/B000052ZB5/ref=sr_1_36?crid=2T97WZC360LCQ&dib=eyJ2IjoiMSJ9.jLqi6Cadw7d7N1tfkIMFaH47o78VZZ9XGdIx9DnbecH3T9TJ4DdMix7Byiz8mL8MjAmCWn2YjinNp7gd1dZUoYJ2X7SyIL27Y84C1C7egajjaDzkX9iFA2F1Nb0OOG_fatJkzOar9SKbpmvdoAFPsUPtksxWXA18Dt3EMbW4x3LeSkmRx-G8FiDclSil4obHFchelzWjOiio4NzrIcHvcjZPVxtHz9uUJ4NKeRIChF59QaTxn3CfWZw1qKy9s6iNNFc8N_6V12pvvQ8ZttR_r8eQpMupiarUhsHOugkxVr8.X7jWcReJIKD35CxEMAfoee1IjQkjfwXxrVA4Ldv_ZEA&dib_tag=se&keywords=facial+wash&qid=1716218788&sprefix=facial+w%2Caps%2C524&sr=8-36
"PCA SKIN Gentle Foaming Face Wash, Hydrating Facial Cleanser, Removes Makeup and Hydrates and Purifies Skin, Good for Sensitive, Combination, Normal, and Acne-Prone Skin, Gentle Face Wash, 7 oz Bottle",,$5.43 per Fl Oz,4.7 out of 5 stars,"1,493 ratings",In Stock,https://www.amazon.com/PCA-SKIN-Facial-Wash-fl/dp/B0006FMQWO/ref=sr_1_37?crid=2T97WZC360LCQ&dib=eyJ2IjoiMSJ9.jLqi6Cadw7d7N1tfkIMFaH47o78VZZ9XGdIx9DnbecH3T9TJ4DdMix7Byiz8mL8MjAmCWn2YjinNp7gd1dZUoYJ2X7SyIL27Y84C1C7egajjaDzkX9iFA2F1Nb0OOG_fatJkzOar9SKbpmvdoAFPsUPtksxWXA18Dt3EMbW4x3LeSkmRx-G8FiDclSil4obHFchelzWjOiio4NzrIcHvcjZPVxtHz9uUJ4NKeRIChF59QaTxn3CfWZw1qKy9s6iNNFc8N_6V12pvvQ8ZttR_r8eQpMupiarUhsHOugkxVr8.X7jWcReJIKD35CxEMAfoee1IjQkjfwXxrVA4Ldv_ZEA&dib_tag=se&keywords=facial+wash&qid=1716218788&sprefix=facial+w%2Caps%2C524&sr=8-37
"Neutrogena Hydro Boost Fragrance Free Hydrating Gel Facial Cleanser with Hyaluronic Acid, Daily Foaming Face Wash & Makeup Remover, Gentle Face Wash, Non-Comedogenic, 16 fl. oz",Neutrogena,$1.08 per Fl Oz,4.7 out of 5 stars,"1,621 ratings",In Stock,https://www.amazon.com/Neutrogena-Fragrance-Free-Hyaluronic-Lightweight-Non-Comedogenic/dp/B0B3Z18BQZ/ref=sr_1_38?crid=2T97WZC360LCQ&dib=eyJ2IjoiMSJ9.jLqi6Cadw7d7N1tfkIMFaH47o78VZZ9XGdIx9DnbecH3T9TJ4DdMix7Byiz8mL8MjAmCWn2YjinNp7gd1dZUoYJ2X7SyIL27Y84C1C7egajjaDzkX9iFA2F1Nb0OOG_fatJkzOar9SKbpmvdoAFPsUPtksxWXA18Dt3EMbW4x3LeSkmRx-G8FiDclSil4obHFchelzWjOiio4NzrIcHvcjZPVxtHz9uUJ4NKeRIChF59QaTxn3CfWZw1qKy9s6iNNFc8N_6V12pvvQ8ZttR_r8eQpMupiarUhsHOugkxVr8.X7jWcReJIKD35CxEMAfoee1IjQkjfwXxrVA4Ldv_ZEA&dib_tag=se&keywords=facial+wash&qid=1716218788&sprefix=facial+w%2Caps%2C524&sr=8-38
"InstaNatural Vitamin C Cleanser Face Wash, Brightens and Reduces Signs of Aging, Fine Lines and Uneven Texture, with Coconut Water and Aloe Vera, 6.7 FL Oz",InstaNatural,$2.98 per Fl Oz,4.3 out of 5 stars,"19,381 ratings",In Stock,https://www.amazon.com/Vitamin-Facial-Cleanser-Ingredients-InstaNatural/dp/B00VMYKCL0/ref=sr_1_39?crid=2T97WZC360LCQ&dib=eyJ2IjoiMSJ9.jLqi6Cadw7d7N1tfkIMFaH47o78VZZ9XGdIx9DnbecH3T9TJ4DdMix7Byiz8mL8MjAmCWn2YjinNp7gd1dZUoYJ2X7SyIL27Y84C1C7egajjaDzkX9iFA2F1Nb0OOG_fatJkzOar9SKbpmvdoAFPsUPtksxWXA18Dt3EMbW4x3LeSkmRx-G8FiDclSil4obHFchelzWjOiio4NzrIcHvcjZPVxtHz9uUJ4NKeRIChF59QaTxn3CfWZw1qKy9s6iNNFc8N_6V12pvvQ8ZttR_r8eQpMupiarUhsHOugkxVr8.X7jWcReJIKD35CxEMAfoee1IjQkjfwXxrVA4Ldv_ZEA&dib_tag=se&keywords=facial+wash&qid=1716218788&sprefix=facial+w%2Caps%2C524&sr=8-39
Olay Face Wash Age Defying Classic Facial Cleanser 6.8 Fl Oz (Pack of 3),Olay,$0.79 per Fl Oz,4.6 out of 5 stars,"3,686 ratings",Only 4 left in stock - order soon.,https://www.amazon.com/Olay-Cleanser-exfoliates-removes-make-up/dp/B01LTI092A/ref=sr_1_40?crid=2T97WZC360LCQ&dib=eyJ2IjoiMSJ9.jLqi6Cadw7d7N1tfkIMFaH47o78VZZ9XGdIx9DnbecH3T9TJ4DdMix7Byiz8mL8MjAmCWn2YjinNp7gd1dZUoYJ2X7SyIL27Y84C1C7egajjaDzkX9iFA2F1Nb0OOG_fatJkzOar9SKbpmvdoAFPsUPtksxWXA18Dt3EMbW4x3LeSkmRx-G8FiDclSil4obHFchelzWjOiio4NzrIcHvcjZPVxtHz9uUJ4NKeRIChF59QaTxn3CfWZw1qKy9s6iNNFc8N_6V12pvvQ8ZttR_r8eQpMupiarUhsHOugkxVr8.X7jWcReJIKD35CxEMAfoee1IjQkjfwXxrVA4Ldv_ZEA&dib_tag=se&keywords=facial+wash&qid=1716218788&sprefix=facial+w%2Caps%2C524&sr=8-40
"The Face Shop Rice Water Bright Foaming Facial Cleanser with Ceramide, Gentle Face Wash for Hydrating & Moisturizing, Vegan Face Cleanser, Makeup Remover, Korean Skin Care for All Skin Types",The,$2.37 per Fl Oz,4.5 out of 5 stars,"18,535 ratings",In Stock,https://www.amazon.com/Foaming-Cleanser-Brightening-Hydrating-K-Beauty/dp/B00FJ2LU2Q/ref=sr_1_41?crid=2T97WZC360LCQ&dib=eyJ2IjoiMSJ9.jLqi6Cadw7d7N1tfkIMFaH47o78VZZ9XGdIx9DnbecH3T9TJ4DdMix7Byiz8mL8MjAmCWn2YjinNp7gd1dZUoYJ2X7SyIL27Y84C1C7egajjaDzkX9iFA2F1Nb0OOG_fatJkzOar9SKbpmvdoAFPsUPtksxWXA18Dt3EMbW4x3LeSkmRx-G8FiDclSil4obHFchelzWjOiio4NzrIcHvcjZPVxtHz9uUJ4NKeRIChF59QaTxn3CfWZw1qKy9s6iNNFc8N_6V12pvvQ8ZttR_r8eQpMupiarUhsHOugkxVr8.X7jWcReJIKD35CxEMAfoee1IjQkjfwXxrVA4Ldv_ZEA&dib_tag=se&keywords=facial+wash&qid=1716218788&sprefix=facial+w%2Caps%2C524&sr=8-41
"Bioré Deep Pore Charcoal Face Wash, Facial Cleanser for Dirt and Makeup Removal From Oily Skin, 6.77 Ounce",Bioré,$1.01 per Fl Oz,4.6 out of 5 stars,"27,873 ratings",Only 10 left in stock - order soon.,https://www.amazon.com/Bior%C3%A9-Charcoal-Naturally-Dermatologist-Packaging/dp/B00L2BSI64/ref=sr_1_42?crid=2T97WZC360LCQ&dib=eyJ2IjoiMSJ9.jLqi6Cadw7d7N1tfkIMFaH47o78VZZ9XGdIx9DnbecH3T9TJ4DdMix7Byiz8mL8MjAmCWn2YjinNp7gd1dZUoYJ2X7SyIL27Y84C1C7egajjaDzkX9iFA2F1Nb0OOG_fatJkzOar9SKbpmvdoAFPsUPtksxWXA18Dt3EMbW4x3LeSkmRx-G8FiDclSil4obHFchelzWjOiio4NzrIcHvcjZPVxtHz9uUJ4NKeRIChF59QaTxn3CfWZw1qKy9s6iNNFc8N_6V12pvvQ8ZttR_r8eQpMupiarUhsHOugkxVr8.X7jWcReJIKD35CxEMAfoee1IjQkjfwXxrVA4Ldv_ZEA&dib_tag=se&keywords=facial+wash&qid=1716218788&sprefix=facial+w%2Caps%2C524&sr=8-42
"THAYERS pH Balancing Daily Cleanser, Face Wash with Aloe Vera, Gentle and Hydrating Skin Care for Dry, Oily, or Acne Prone Skin, 8 FL Oz.",THAYERS,$1.85 per Fl Oz,4.7 out of 5 stars,"1,244 ratings",In Stock,https://www.amazon.com/Thayers-Balancing-Cleanser-Gentle-Hydrating/dp/B09QNCSJLC/ref=sr_1_43?crid=2T97WZC360LCQ&dib=eyJ2IjoiMSJ9.jLqi6Cadw7d7N1tfkIMFaH47o78VZZ9XGdIx9DnbecH3T9TJ4DdMix7Byiz8mL8MjAmCWn2YjinNp7gd1dZUoYJ2X7SyIL27Y84C1C7egajjaDzkX9iFA2F1Nb0OOG_fatJkzOar9SKbpmvdoAFPsUPtksxWXA18Dt3EMbW4x3LeSkmRx-G8FiDclSil4obHFchelzWjOiio4NzrIcHvcjZPVxtHz9uUJ4NKeRIChF59QaTxn3CfWZw1qKy9s6iNNFc8N_6V12pvvQ8ZttR_r8eQpMupiarUhsHOugkxVr8.X7jWcReJIKD35CxEMAfoee1IjQkjfwXxrVA4Ldv_ZEA&dib_tag=se&keywords=facial+wash&qid=1716218788&sprefix=facial+w%2Caps%2C524&sr=8-43
"Revision Skincare Brightening Facial Wash, Tea Tree, 6.7 Fl Oz",Revision,$6.57 per Fl Oz,4.7 out of 5 stars,"2,642 ratings",In Stock,https://www.amazon.com/Revision-Skincare-Brightening-Facial-Wash/dp/B004KIB688/ref=sr_1_44?crid=2T97WZC360LCQ&dib=eyJ2IjoiMSJ9.jLqi6Cadw7d7N1tfkIMFaH47o78VZZ9XGdIx9DnbecH3T9TJ4DdMix7Byiz8mL8MjAmCWn2YjinNp7gd1dZUoYJ2X7SyIL27Y84C1C7egajjaDzkX9iFA2F1Nb0OOG_fatJkzOar9SKbpmvdoAFPsUPtksxWXA18Dt3EMbW4x3LeSkmRx-G8FiDclSil4obHFchelzWjOiio4NzrIcHvcjZPVxtHz9uUJ4NKeRIChF59QaTxn3CfWZw1qKy9s6iNNFc8N_6V12pvvQ8ZttR_r8eQpMupiarUhsHOugkxVr8.X7jWcReJIKD35CxEMAfoee1IjQkjfwXxrVA4Ldv_ZEA&dib_tag=se&keywords=facial+wash&qid=1716218788&sprefix=facial+w%2Caps%2C524&sr=8-44
"Pond's Pure Detox Facial Foam, Deep Cleansing with Activated Charcoal, Facial Wash, 3- Pack of 1.7 Oz Each",Pond's,$0.76 per Ounce,4.6 out of 5 stars,323 ratings,In Stock,https://www.amazon.com/Ponds-Facial-Cleansing-Activated-Charcoal/dp/B0C8877XNJ/ref=sr_1_45?crid=2T97WZC360LCQ&dib=eyJ2IjoiMSJ9.jLqi6Cadw7d7N1tfkIMFaH47o78VZZ9XGdIx9DnbecH3T9TJ4DdMix7Byiz8mL8MjAmCWn2YjinNp7gd1dZUoYJ2X7SyIL27Y84C1C7egajjaDzkX9iFA2F1Nb0OOG_fatJkzOar9SKbpmvdoAFPsUPtksxWXA18Dt3EMbW4x3LeSkmRx-G8FiDclSil4obHFchelzWjOiio4NzrIcHvcjZPVxtHz9uUJ4NKeRIChF59QaTxn3CfWZw1qKy9s6iNNFc8N_6V12pvvQ8ZttR_r8eQpMupiarUhsHOugkxVr8.X7jWcReJIKD35CxEMAfoee1IjQkjfwXxrVA4Ldv_ZEA&dib_tag=se&keywords=facial+wash&qid=1716218788&sprefix=facial+w%2Caps%2C524&sr=8-45
SkinMedica Facial Cleanser Face Wash 6 Fl Oz,,$6.00 per Fl Oz,4.7 out of 5 stars,"1,033 ratings",In Stock,https://www.amazon.com/SkinMedica-Facial-Cleanser-6-oz/dp/B00A87CW0G/ref=sr_1_46?crid=2T97WZC360LCQ&dib=eyJ2IjoiMSJ9.jLqi6Cadw7d7N1tfkIMFaH47o78VZZ9XGdIx9DnbecH3T9TJ4DdMix7Byiz8mL8MjAmCWn2YjinNp7gd1dZUoYJ2X7SyIL27Y84C1C7egajjaDzkX9iFA2F1Nb0OOG_fatJkzOar9SKbpmvdoAFPsUPtksxWXA18Dt3EMbW4x3LeSkmRx-G8FiDclSil4obHFchelzWjOiio4NzrIcHvcjZPVxtHz9uUJ4NKeRIChF59QaTxn3CfWZw1qKy9s6iNNFc8N_6V12pvvQ8ZttR_r8eQpMupiarUhsHOugkxVr8.X7jWcReJIKD35CxEMAfoee1IjQkjfwXxrVA4Ldv_ZEA&dib_tag=se&keywords=facial+wash&qid=1716218788&sprefix=facial+w%2Caps%2C524&sr=8-46
"Paula's Choice RESIST Perfectly Balanced Foaming Cleanser, Hyaluronic Acid & Aloe, Anti-Aging Face Wash, Large Pores & Oily Skin, 6.4 Ounce",Paula's,$3.59 per Fl Oz,4.5 out of 5 stars,"3,790 ratings",In Stock,https://www.amazon.com/Paulas-Choice-Perfectly-Anti-Aging-Combination/dp/B00NGGEZIS/ref=sr_1_47?crid=2T97WZC360LCQ&dib=eyJ2IjoiMSJ9.jLqi6Cadw7d7N1tfkIMFaH47o78VZZ9XGdIx9DnbecH3T9TJ4DdMix7Byiz8mL8MjAmCWn2YjinNp7gd1dZUoYJ2X7SyIL27Y84C1C7egajjaDzkX9iFA2F1Nb0OOG_fatJkzOar9SKbpmvdoAFPsUPtksxWXA18Dt3EMbW4x3LeSkmRx-G8FiDclSil4obHFchelzWjOiio4NzrIcHvcjZPVxtHz9uUJ4NKeRIChF59QaTxn3CfWZw1qKy9s6iNNFc8N_6V12pvvQ8ZttR_r8eQpMupiarUhsHOugkxVr8.X7jWcReJIKD35CxEMAfoee1IjQkjfwXxrVA4Ldv_ZEA&dib_tag=se&keywords=facial+wash&qid=1716218788&sprefix=facial+w%2Caps%2C524&sr=8-47
PYUNKANG YUL Cleansing Foam - Korean Facial Wash for All Skin Types - Zero-irritation Face Washer extracted from Coconut - Moisturized Skin & Creating Moisture Barrier after Cleansing - 5.1 Fl. Oz,Pyunkang,$2.74 per Fl Oz,4.5 out of 5 stars,"1,356 ratings",In Stock,https://www.amazon.com/Pyunkang-Cleansing-Foam-150ml-5-1oz/dp/B07H8X397M/ref=sr_1_48?crid=2T97WZC360LCQ&dib=eyJ2IjoiMSJ9.jLqi6Cadw7d7N1tfkIMFaH47o78VZZ9XGdIx9DnbecH3T9TJ4DdMix7Byiz8mL8MjAmCWn2YjinNp7gd1dZUoYJ2X7SyIL27Y84C1C7egajjaDzkX9iFA2F1Nb0OOG_fatJkzOar9SKbpmvdoAFPsUPtksxWXA18Dt3EMbW4x3LeSkmRx-G8FiDclSil4obHFchelzWjOiio4NzrIcHvcjZPVxtHz9uUJ4NKeRIChF59QaTxn3CfWZw1qKy9s6iNNFc8N_6V12pvvQ8ZttR_r8eQpMupiarUhsHOugkxVr8.X7jWcReJIKD35CxEMAfoee1IjQkjfwXxrVA4Ldv_ZEA&dib_tag=se&keywords=facial+wash&qid=1716218788&sprefix=facial+w%2Caps%2C524&sr=8-48
"Aveeno Calm + Restore Nourishing Oat Face Cleanser for Sensitive Skin, Gentle Milky Cleanser with Nourishing Oat & Feverfew, to Preserve Skin's Moisture Barrier, Fragrance-Free, 7.8 fl. oz",Aveeno,$1.37 per Fl Oz,4.5 out of 5 stars,"6,975 ratings",In Stock,https://www.amazon.com/Aveeno-Restore-Nourishing-Cleanser-7-8oz/dp/B08BG5Y7FL/ref=sr_1_49?crid=2T97WZC360LCQ&dib=eyJ2IjoiMSJ9.jLqi6Cadw7d7N1tfkIMFaH47o78VZZ9XGdIx9DnbecH3T9TJ4DdMix7Byiz8mL8MjAmCWn2YjinNp7gd1dZUoYJ2X7SyIL27Y84C1C7egajjaDzkX9iFA2F1Nb0OOG_fatJkzOar9SKbpmvdoAFPsUPtksxWXA18Dt3EMbW4x3LeSkmRx-G8FiDclSil4obHFchelzWjOiio4NzrIcHvcjZPVxtHz9uUJ4NKeRIChF59QaTxn3CfWZw1qKy9s6iNNFc8N_6V12pvvQ8ZttR_r8eQpMupiarUhsHOugkxVr8.X7jWcReJIKD35CxEMAfoee1IjQkjfwXxrVA4Ldv_ZEA&dib_tag=se&keywords=facial+wash&qid=1716218788&sprefix=facial+w%2Caps%2C524&sr=8-49
"Neutrogena Ultra Gentle Hydrating Facial Cleanser, Non-Foaming Face Wash for Sensitive Skin, Gently Cleanses Face Without Over Drying, Oil-Free, Soap-Free, Fragrance-Free, 12 fl. oz",Neutrogena,$0.85 per Fl Oz,4.4 out of 5 stars,"13,218 ratings",In Stock,https://www.amazon.com/Neutrogena-Hydrating-Sensitive-Hypoallergenic-Non-Comedogenic/dp/B00F1D56HI/ref=sr_1_50?crid=2T97WZC360LCQ&dib=eyJ2IjoiMSJ9.jLqi6Cadw7d7N1tfkIMFaH47o78VZZ9XGdIx9DnbecH3T9TJ4DdMix7Byiz8mL8MjAmCWn2YjinNp7gd1dZUoYJ2X7SyIL27Y84C1C7egajjaDzkX9iFA2F1Nb0OOG_fatJkzOar9SKbpmvdoAFPsUPtksxWXA18Dt3EMbW4x3LeSkmRx-G8FiDclSil4obHFchelzWjOiio4NzrIcHvcjZPVxtHz9uUJ4NKeRIChF59QaTxn3CfWZw1qKy9s6iNNFc8N_6V12pvvQ8ZttR_r8eQpMupiarUhsHOugkxVr8.X7jWcReJIKD35CxEMAfoee1IjQkjfwXxrVA4Ldv_ZEA&dib_tag=se&keywords=facial+wash&qid=1716218788&sprefix=facial+w%2Caps%2C524&sr=8-50
"Youth To The People Superfood Facial Cleanser - Kale and Green Tea Cleanser - Gentle Face Wash, Makeup Remover + Pore Minimizer for All Skin Types - Vegan",Youth,$4.88 per Fl Oz,4.7 out of 5 stars,"6,990 ratings",,https://www.amazon.com/Youth-People-Kale-Superfood-Cleanser/dp/B018A0BO92/ref=sr_1_51?crid=2T97WZC360LCQ&dib=eyJ2IjoiMSJ9.jLqi6Cadw7d7N1tfkIMFaH47o78VZZ9XGdIx9DnbecH3T9TJ4DdMix7Byiz8mL8MjAmCWn2YjinNp7gd1dZUoYJ2X7SyIL27Y84C1C7egajjaDzkX9iFA2F1Nb0OOG_fatJkzOar9SKbpmvdoAFPsUPtksxWXA18Dt3EMbW4x3LeSkmRx-G8FiDclSil4obHFchelzWjOiio4NzrIcHvcjZPVxtHz9uUJ4NKeRIChF59QaTxn3CfWZw1qKy9s6iNNFc8N_6V12pvvQ8ZttR_r8eQpMupiarUhsHOugkxVr8.X7jWcReJIKD35CxEMAfoee1IjQkjfwXxrVA4Ldv_ZEA&dib_tag=se&keywords=facial+wash&qid=1716218788&sprefix=facial+w%2Caps%2C524&sr=8-51
Soap & Glory Face Soap and Clarity Vitamin C Face Wash - 3-in-1 Exfoliating & Hydrating Facial Cleanser - Gently Removes Makeup While Unclogging Pores - Suitable For All Skin Types (350ml),Soap,$0.93 per fl oz,4.7 out of 5 stars,"3,376 ratings",In Stock,https://www.amazon.com/Soap-GloryTM-ClarityTM-Vitamin-Facial/dp/B00X629R2G/ref=sr_1_52?crid=2T97WZC360LCQ&dib=eyJ2IjoiMSJ9.jLqi6Cadw7d7N1tfkIMFaH47o78VZZ9XGdIx9DnbecH3T9TJ4DdMix7Byiz8mL8MjAmCWn2YjinNp7gd1dZUoYJ2X7SyIL27Y84C1C7egajjaDzkX9iFA2F1Nb0OOG_fatJkzOar9SKbpmvdoAFPsUPtksxWXA18Dt3EMbW4x3LeSkmRx-G8FiDclSil4obHFchelzWjOiio4NzrIcHvcjZPVxtHz9uUJ4NKeRIChF59QaTxn3CfWZw1qKy9s6iNNFc8N_6V12pvvQ8ZttR_r8eQpMupiarUhsHOugkxVr8.X7jWcReJIKD35CxEMAfoee1IjQkjfwXxrVA4Ldv_ZEA&dib_tag=se&keywords=facial+wash&qid=1716218788&sprefix=facial+w%2Caps%2C524&sr=8-52
"Aveeno Positively Radiant Skin Brightening Exfoliating Daily Facial Scrub, Moisture-Rich Soy Extract, helps improve skin tone & texture, Oil-& Soap-Free, Hypoallergenic, 5 oz",Aveeno,$1.63 per Ounce,4.6 out of 5 stars,"38,451 ratings",In Stock,https://www.amazon.com/Aveeno-Brightening-Moisture-Rich-Hypoallergenic-Non-Comedogenic/dp/B0000632EN/ref=sr_1_53?crid=2T97WZC360LCQ&dib=eyJ2IjoiMSJ9.jLqi6Cadw7d7N1tfkIMFaH47o78VZZ9XGdIx9DnbecH3T9TJ4DdMix7Byiz8mL8MjAmCWn2YjinNp7gd1dZUoYJ2X7SyIL27Y84C1C7egajjaDzkX9iFA2F1Nb0OOG_fatJkzOar9SKbpmvdoAFPsUPtksxWXA18Dt3EMbW4x3LeSkmRx-G8FiDclSil4obHFchelzWjOiio4NzrIcHvcjZPVxtHz9uUJ4NKeRIChF59QaTxn3CfWZw1qKy9s6iNNFc8N_6V12pvvQ8ZttR_r8eQpMupiarUhsHOugkxVr8.X7jWcReJIKD35CxEMAfoee1IjQkjfwXxrVA4Ldv_ZEA&dib_tag=se&keywords=facial+wash&qid=1716218788&sprefix=facial+w%2Caps%2C524&sr=8-53
"Bioré Witch Hazel Pore Clarifying Acne Face Wash, Exfoliating Facial Cleanser, 2% Salicylic Acid Acne Treatment for Acne Prone, Oily Skin, 6.77 Ounce",Bioré,,4.5 out of 5 stars,"14,562 ratings",Not Available,https://www.amazon.com/Bior%C3%A9-Clarifying-Cleanser-Refreshing-Salicylic/dp/B07Q63HHKJ/ref=sr_1_54?crid=2T97WZC360LCQ&dib=eyJ2IjoiMSJ9.jLqi6Cadw7d7N1tfkIMFaH47o78VZZ9XGdIx9DnbecH3T9TJ4DdMix7Byiz8mL8MjAmCWn2YjinNp7gd1dZUoYJ2X7SyIL27Y84C1C7egajjaDzkX9iFA2F1Nb0OOG_fatJkzOar9SKbpmvdoAFPsUPtksxWXA18Dt3EMbW4x3LeSkmRx-G8FiDclSil4obHFchelzWjOiio4NzrIcHvcjZPVxtHz9uUJ4NKeRIChF59QaTxn3CfWZw1qKy9s6iNNFc8N_6V12pvvQ8ZttR_r8eQpMupiarUhsHOugkxVr8.X7jWcReJIKD35CxEMAfoee1IjQkjfwXxrVA4Ldv_ZEA&dib_tag=se&keywords=facial+wash&qid=1716218788&sprefix=facial+w%2Caps%2C524&sr=8-54
"Nivea Men Maximum Hydration Moisturizing Face Wash with Aloe Vera, 5 Fl Oz Tube",Nivea,$1.31 per Fl Oz,4.6 out of 5 stars,"9,867 ratings",Only 4 left in stock - order soon.,https://www.amazon.com/NIVEA-Original-Moisturizing-Face-Wash/dp/B005OKYNW2/ref=sr_1_55?crid=2T97WZC360LCQ&dib=eyJ2IjoiMSJ9.jLqi6Cadw7d7N1tfkIMFaH47o78VZZ9XGdIx9DnbecH3T9TJ4DdMix7Byiz8mL8MjAmCWn2YjinNp7gd1dZUoYJ2X7SyIL27Y84C1C7egajjaDzkX9iFA2F1Nb0OOG_fatJkzOar9SKbpmvdoAFPsUPtksxWXA18Dt3EMbW4x3LeSkmRx-G8FiDclSil4obHFchelzWjOiio4NzrIcHvcjZPVxtHz9uUJ4NKeRIChF59QaTxn3CfWZw1qKy9s6iNNFc8N_6V12pvvQ8ZttR_r8eQpMupiarUhsHOugkxVr8.X7jWcReJIKD35CxEMAfoee1IjQkjfwXxrVA4Ldv_ZEA&dib_tag=se&keywords=facial+wash&qid=1716218788&sprefix=facial+w%2Caps%2C524&sr=8-55
"Clean & Clear Morning Burst Oil-Free Hydrating Facial Cleanser with BHA, Cucumber & Aloe Extracts, Face Wash Gently Removes Oil & Pore Clogging Impurities, 8 fl. oz",Clean,$0.75 per Fl Oz,4.6 out of 5 stars,"8,251 ratings",Only 5 left in stock - order soon.,https://www.amazon.com/Clean-Clear-Oil-Free-Hydrating-Cleanser/dp/B00FFJ4W0U/ref=sr_1_56?crid=2T97WZC360LCQ&dib=eyJ2IjoiMSJ9.jLqi6Cadw7d7N1tfkIMFaH47o78VZZ9XGdIx9DnbecH3T9TJ4DdMix7Byiz8mL8MjAmCWn2YjinNp7gd1dZUoYJ2X7SyIL27Y84C1C7egajjaDzkX9iFA2F1Nb0OOG_fatJkzOar9SKbpmvdoAFPsUPtksxWXA18Dt3EMbW4x3LeSkmRx-G8FiDclSil4obHFchelzWjOiio4NzrIcHvcjZPVxtHz9uUJ4NKeRIChF59QaTxn3CfWZw1qKy9s6iNNFc8N_6V12pvvQ8ZttR_r8eQpMupiarUhsHOugkxVr8.X7jWcReJIKD35CxEMAfoee1IjQkjfwXxrVA4Ldv_ZEA&dib_tag=se&keywords=facial+wash&qid=1716218788&sprefix=facial+w%2Caps%2C524&sr=8-56
"Andalou Naturals Face Wash, 1000 Roses Gentle Cleansing Foam, Sensitive Skin Facial Cleanser with Hydrating Vitamin E & Rose-Biotic Blend, Removes Makeup, Oil & Impurities, 5.5 Fl Oz",Andalou,$1.96 per Fl Oz,4.6 out of 5 stars,"2,612 ratings",Only 10 left in stock - order soon.,https://www.amazon.com/Andalou-Naturals-Cleansing-Foam-5-5/dp/B09NB4Z9PY/ref=sr_1_57?crid=2T97WZC360LCQ&dib=eyJ2IjoiMSJ9.jLqi6Cadw7d7N1tfkIMFaH47o78VZZ9XGdIx9DnbecH3T9TJ4DdMix7Byiz8mL8MjAmCWn2YjinNp7gd1dZUoYJ2X7SyIL27Y84C1C7egajjaDzkX9iFA2F1Nb0OOG_fatJkzOar9SKbpmvdoAFPsUPtksxWXA18Dt3EMbW4x3LeSkmRx-G8FiDclSil4obHFchelzWjOiio4NzrIcHvcjZPVxtHz9uUJ4NKeRIChF59QaTxn3CfWZw1qKy9s6iNNFc8N_6V12pvvQ8ZttR_r8eQpMupiarUhsHOugkxVr8.X7jWcReJIKD35CxEMAfoee1IjQkjfwXxrVA4Ldv_ZEA&dib_tag=se&keywords=facial+wash&qid=1716218788&sprefix=facial+w%2Caps%2C524&sr=8-57
"Curel Japanese Skin Care Foaming Daily Face Wash for Sensitive Skin, Hydrating Facial Cleanser for Dry Skin, pH-Balanced and Fragrance-Free, 5 Ounces (Step 2 of 2-Step Skincare)",Curel,$3.00 per Fl Oz,4.5 out of 5 stars,"2,243 ratings",In Stock,https://www.amazon.com/Curel-Sensitive-Hydrating-pH-Balanced-Fragrance-Free/dp/B0869KN3TK/ref=sr_1_58?crid=2T97WZC360LCQ&dib=eyJ2IjoiMSJ9.jLqi6Cadw7d7N1tfkIMFaH47o78VZZ9XGdIx9DnbecH3T9TJ4DdMix7Byiz8mL8MjAmCWn2YjinNp7gd1dZUoYJ2X7SyIL27Y84C1C7egajjaDzkX9iFA2F1Nb0OOG_fatJkzOar9SKbpmvdoAFPsUPtksxWXA18Dt3EMbW4x3LeSkmRx-G8FiDclSil4obHFchelzWjOiio4NzrIcHvcjZPVxtHz9uUJ4NKeRIChF59QaTxn3CfWZw1qKy9s6iNNFc8N_6V12pvvQ8ZttR_r8eQpMupiarUhsHOugkxVr8.X7jWcReJIKD35CxEMAfoee1IjQkjfwXxrVA4Ldv_ZEA&dib_tag=se&keywords=facial+wash&qid=1716218788&sprefix=facial+w%2Caps%2C524&sr=8-58
"Clean & Clear Essentials Foaming Facial Cleanser, Oil-Free Daily Face Wash with Glycerin to Remove Acne Breakout-Causing Dirt, Oil & Makeup Without Over-Drying, 8 Fl Oz (Packaging may vary)",Clean,$0.80 per Fl Oz,4.4 out of 5 stars,"10,032 ratings",In Stock,https://www.amazon.com/Clean-Clear-Essentials-Cleanser-Oil-Free/dp/B008IEUERE/ref=sr_1_59?crid=2T97WZC360LCQ&dib=eyJ2IjoiMSJ9.jLqi6Cadw7d7N1tfkIMFaH47o78VZZ9XGdIx9DnbecH3T9TJ4DdMix7Byiz8mL8MjAmCWn2YjinNp7gd1dZUoYJ2X7SyIL27Y84C1C7egajjaDzkX9iFA2F1Nb0OOG_fatJkzOar9SKbpmvdoAFPsUPtksxWXA18Dt3EMbW4x3LeSkmRx-G8FiDclSil4obHFchelzWjOiio4NzrIcHvcjZPVxtHz9uUJ4NKeRIChF59QaTxn3CfWZw1qKy9s6iNNFc8N_6V12pvvQ8ZttR_r8eQpMupiarUhsHOugkxVr8.X7jWcReJIKD35CxEMAfoee1IjQkjfwXxrVA4Ldv_ZEA&dib_tag=se&keywords=facial+wash&qid=1716218788&sprefix=facial+w%2Caps%2C524&sr=8-59
"Olay Regenerist Regenerating Cream Cleanser Face Wash, 5 fl oz (Pack of 3)",Olay,$1.33 per Fl Oz,4.7 out of 5 stars,"2,927 ratings",In Stock,https://www.amazon.com/Olay-Regenerist-Anti-Aging-Regenerating-Packaging/dp/B01LTI093O/ref=sr_1_60?crid=2T97WZC360LCQ&dib=eyJ2IjoiMSJ9.jLqi6Cadw7d7N1tfkIMFaH47o78VZZ9XGdIx9DnbecH3T9TJ4DdMix7Byiz8mL8MjAmCWn2YjinNp7gd1dZUoYJ2X7SyIL27Y84C1C7egajjaDzkX9iFA2F1Nb0OOG_fatJkzOar9SKbpmvdoAFPsUPtksxWXA18Dt3EMbW4x3LeSkmRx-G8FiDclSil4obHFchelzWjOiio4NzrIcHvcjZPVxtHz9uUJ4NKeRIChF59QaTxn3CfWZw1qKy9s6iNNFc8N_6V12pvvQ8ZttR_r8eQpMupiarUhsHOugkxVr8.X7jWcReJIKD35CxEMAfoee1IjQkjfwXxrVA4Ldv_ZEA&dib_tag=se&keywords=facial+wash&qid=1716218788&sprefix=facial+w%2Caps%2C524&sr=8-60
Blackhead Removal Mask 120ML Pull-Off Bamboo Charcoal Mask deeply cleans blackhead dirt and purifies pores for men and women(4.23 fl.oz),Tunbot,$3.19 per Fl Oz,4.3 out of 5 stars,200 ratings,In Stock,https://www.amazon.com/sspa/click?ie=UTF8&spc=MTo2NjUxMjA0NTA4MzIzNDIxOjE3MTYyMTg3ODg6c3Bfc2VhcmNoX3RoZW1hdGljX2J0ZjozMDAwMTQwOTM5OTg2MDI6OjA6Og&url=%2FTunbot-Blackhead-Pull-Off-Charcoal-blackhead%2Fdp%2FB0C7Q3LL64%2Fref%3Dsxbs_pa_sp_search_thematic_btf_sspa%3Fcontent-id%3Damzn1.sym.d7769a5b-0b04-4fd2-8ade-c2f3e594ed11%253Aamzn1.sym.d7769a5b-0b04-4fd2-8ade-c2f3e594ed11%26crid%3D2T97WZC360LCQ%26cv_ct_cx%3Dfacial%2Bwash%26dib%3DeyJ2IjoiMSJ9.5AQaJqdh-s_OljLO8Nv6VOg8QE3xe1yqu1nRAqKvVD1ffsH2EZf77_QHa8BAFdNg.3QL7puMiKgKk85lGsJOLfij0SfcXiUIYiWKNplfhEnI%26dib_tag%3Dse%26keywords%3Dfacial%2Bwash%26pd_rd_i%3DB0C7Q3LL64%26pd_rd_r%3D8a54dafd-5e75-47e1-a2ce-a4f12e8d597b%26pd_rd_w%3DdY2k8%26pd_rd_wg%3DUsoZN%26pf_rd_p%3Dd7769a5b-0b04-4fd2-8ade-c2f3e594ed11%26pf_rd_r%3DG73TM8BWXX5ZZNZQMNSC%26qid%3D1716218788%26sbo%3DRZvfv%252F%252FHxDF%252BO5021pAnSA%253D%253D%26sprefix%3Dfacial%2Bw%252Caps%252C524%26sr%3D1-1-2ce85fbe-2281-435c-ad39-d4a3c51e67ed-spons%26sp_csd%3Dd2lkZ2V0TmFtZT1zcF9zZWFyY2hfdGhlbWF0aWNfYnRm%26psc%3D1
"HERBIVORE Blue Tansy BHA & Enzyme Pore Refining Mask - Naturally Clarifies Acne, Blemishes & Redness, Vegan & Cruelty-Free, 60 mL / 2.02 oz",HERBIVORE,$24.75 per Ounce,4.3 out of 5 stars,582 ratings,In Stock,https://www.amazon.com/sspa/click?ie=UTF8&spc=MTo2NjUxMjA0NTA4MzIzNDIxOjE3MTYyMTg3ODg6c3Bfc2VhcmNoX3RoZW1hdGljX2J0ZjozMDAwOTM1MTA0NDU3MDI6OjI6Og&url=%2FHerbivore-Botanicals-Organic-Tansy-Resurfacing%2Fdp%2FB015RRNQCY%2Fref%3Dsxbs_pa_sp_search_thematic_btf_sspa%3Fcontent-id%3Damzn1.sym.d7769a5b-0b04-4fd2-8ade-c2f3e594ed11%253Aamzn1.sym.d7769a5b-0b04-4fd2-8ade-c2f3e594ed11%26crid%3D2T97WZC360LCQ%26cv_ct_cx%3Dfacial%2Bwash%26dib%3DeyJ2IjoiMSJ9.5AQaJqdh-s_OljLO8Nv6VOg8QE3xe1yqu1nRAqKvVD1ffsH2EZf77_QHa8BAFdNg.3QL7puMiKgKk85lGsJOLfij0SfcXiUIYiWKNplfhEnI%26dib_tag%3Dse%26keywords%3Dfacial%2Bwash%26pd_rd_i%3DB015RRNQCY%26pd_rd_r%3D8a54dafd-5e75-47e1-a2ce-a4f12e8d597b%26pd_rd_w%3DdY2k8%26pd_rd_wg%3DUsoZN%26pf_rd_p%3Dd7769a5b-0b04-4fd2-8ade-c2f3e594ed11%26pf_rd_r%3DG73TM8BWXX5ZZNZQMNSC%26qid%3D1716218788%26sbo%3DRZvfv%252F%252FHxDF%252BO5021pAnSA%253D%253D%26sprefix%3Dfacial%2Bw%252Caps%252C524%26sr%3D1-2-2ce85fbe-2281-435c-ad39-d4a3c51e67ed-spons%26sp_csd%3Dd2lkZ2V0TmFtZT1zcF9zZWFyY2hfdGhlbWF0aWNfYnRm%26psc%3D1
"Burt's Bees Deep Cleansing Pore Scrub with Peach and Willow Bark, 4 Ounces, Pack of 3",Burt's,$1.58 per Ounce,4.7 out of 5 stars,"1,094 ratings",In Stock,https://www.amazon.com/sspa/click?ie=UTF8&spc=MTo2NjUxMjA0NTA4MzIzNDIxOjE3MTYyMTg3ODg6c3Bfc2VhcmNoX3RoZW1hdGljX2J0ZjoyMDAxNTU4NTQwNjI3OTg6OjM6Og&url=%2FBurts-Bees-Willow-Exfoliating-Facial%2Fdp%2FB002EDIIZA%2Fref%3Dsxbs_pa_sp_search_thematic_btf_sspa%3Fcontent-id%3Damzn1.sym.d7769a5b-0b04-4fd2-8ade-c2f3e594ed11%253Aamzn1.sym.d7769a5b-0b04-4fd2-8ade-c2f3e594ed11%26crid%3D2T97WZC360LCQ%26cv_ct_cx%3Dfacial%2Bwash%26dib%3DeyJ2IjoiMSJ9.5AQaJqdh-s_OljLO8Nv6VOg8QE3xe1yqu1nRAqKvVD1ffsH2EZf77_QHa8BAFdNg.3QL7puMiKgKk85lGsJOLfij0SfcXiUIYiWKNplfhEnI%26dib_tag%3Dse%26keywords%3Dfacial%2Bwash%26pd_rd_i%3DB002EDIIZA%26pd_rd_r%3D8a54dafd-5e75-47e1-a2ce-a4f12e8d597b%26pd_rd_w%3DdY2k8%26pd_rd_wg%3DUsoZN%26pf_rd_p%3Dd7769a5b-0b04-4fd2-8ade-c2f3e594ed11%26pf_rd_r%3DG73TM8BWXX5ZZNZQMNSC%26qid%3D1716218788%26sbo%3DRZvfv%252F%252FHxDF%252BO5021pAnSA%253D%253D%26sprefix%3Dfacial%2Bw%252Caps%252C524%26sr%3D1-3-2ce85fbe-2281-435c-ad39-d4a3c51e67ed-spons%26sp_csd%3Dd2lkZ2V0TmFtZT1zcF9zZWFyY2hfdGhlbWF0aWNfYnRm%26psc%3D1
"Natural Face Moisturizer with Aloe and Green Tea, Facial Moisturizer for Dry Skin, Face Cream for Sensitive Skin, No Added Fragrance",Awake,$11.76 per Fl Oz,4.4 out of 5 stars,"2,788 ratings",In Stock,https://www.amazon.com/sspa/click?ie=UTF8&spc=MTo2NjUxMjA0NTA4MzIzNDIxOjE3MTYyMTg3ODg6c3Bfc2VhcmNoX3RoZW1hdGljX2J0ZjozMDAwOTM2NTE2NTI3MDI6OjQ6Og&url=%2FOrganic-Moisturizer-Unscented-Natural-Mostly%2Fdp%2FB07NWXJYVK%2Fref%3Dsxbs_pa_sp_search_thematic_btf_sspa%3Fcontent-id%3Damzn1.sym.d7769a5b-0b04-4fd2-8ade-c2f3e594ed11%253Aamzn1.sym.d7769a5b-0b04-4fd2-8ade-c2f3e594ed11%26crid%3D2T97WZC360LCQ%26cv_ct_cx%3Dfacial%2Bwash%26dib%3DeyJ2IjoiMSJ9.5AQaJqdh-s_OljLO8Nv6VOg8QE3xe1yqu1nRAqKvVD1ffsH2EZf77_QHa8BAFdNg.3QL7puMiKgKk85lGsJOLfij0SfcXiUIYiWKNplfhEnI%26dib_tag%3Dse%26keywords%3Dfacial%2Bwash%26pd_rd_i%3DB07NWXJYVK%26pd_rd_r%3D8a54dafd-5e75-47e1-a2ce-a4f12e8d597b%26pd_rd_w%3DdY2k8%26pd_rd_wg%3DUsoZN%26pf_rd_p%3Dd7769a5b-0b04-4fd2-8ade-c2f3e594ed11%26pf_rd_r%3DG73TM8BWXX5ZZNZQMNSC%26qid%3D1716218788%26sbo%3DRZvfv%252F%252FHxDF%252BO5021pAnSA%253D%253D%26sprefix%3Dfacial%2Bw%252Caps%252C524%26sr%3D1-4-2ce85fbe-2281-435c-ad39-d4a3c51e67ed-spons%26sp_csd%3Dd2lkZ2V0TmFtZT1zcF9zZWFyY2hfdGhlbWF0aWNfYnRm%26psc%3D1
